site,author,game,score,score_adj,stars_mean,company,platform,genre,score_deviation
meristation,Rubén Vázquez,Peaky Blinders: Mastermind,5.7,2.85,3.0,Curve Digital,PC PS4 XBO NSW,"Aventura, Puzle                    ",5.263157894736839
meristation,Alejandro Castillo - @acastillo117,Tony Hawk's Pro Skater 1+2,8.5,4.25,3.8,Activision,PC XBO PS4 PS5 XBS NSW,Deportes                    ,-10.58823529411765
Vandal,Jorge Cano,Observer: System Redux - Análisis,7.8,3.9,3.5,Bloober Team,Xbox Series X/S PC PS5,Aventura narrativa Terror,-10.256410256410255
meristation,"Rocío Torrejón
SeraPhiim_",Skul: The Hero Slayer,8.3,4.15,4.14,Neowiz,PC NSW,"Plataformas, Acción                    ",-0.24096385542170298
Gamereactor,Alberto Garrido,Baldur's Gate III - Análisis Early Access,8.0,4.0,3.6,None," PC, Stadia",RPG,-9.999999999999998
revogamers,Marcos Catalán,Análisis de WWE 2K Battlegrounds,7.0,3.5,3.0,Saber Interactive,Nintendo Switch,"Arcade, Deportes, Lucha",-14.285714285714285
Vandal,Sergio Martín,Curse of the Dead Gods - Análisis,7.4,3.7,3.6,Focus Home Interactive,PC PS4 Xbox One Switch,Roguelike Rol,-2.702702702702705
Vandal,Carlos Leiva,Pikmin 3 Deluxe - Análisis,8.5,4.25,4.0,Nintendo,Switch,Aventura de acción Estrategia en tiempo real,-5.88235294117647
Vandal,Carlos Leiva,Monster Hunter Rise - Análisis,9.2,4.6,4.23,Nintendo,Switch PC,Action-RPG Aventura de acción,-8.043478260869549
meristation,"Rocío Torrejón
SeraPhiim_",TOHU,6.5,3.25,3.5,The Irregular Corporation,XBO PC PS4 NSW STD,Aventura                    ,7.6923076923076925
Gamereactor,Marco Vrolijk,Age of Empires II: Definitive Edition - Lords of the West,9.0,4.5,4.2,Microsoft, PC,Estrategia,-6.6666666666666625
meristation,Yago Lago,Chronicle of Innsmouth Mountains of Madness,7.0,3.5,3.43,PsychoDev,PC,Aventura gráfica                    ,-1.9999999999999956
meristation,"Sergio C. González
Sergio5Glez",Pokémon Espada / Pokémon Escudo: Las nieves de la corona,8.0,4.0,3.5,Nintendo,NSW,"RPG, Por turnos                    ",-12.5
Gamereactor,André Wigert,"Call of the Sea (Xbox Series X, PC)",8.0,4.0,3.8,Raw Fury," PC, Xbox Series X",Acción,-5.000000000000004
meristation,Yago Lago,Redout: Space Assault,5.4,2.7,3.0,34BigThings,PC PS4 XBO NSW,"Acción, Shoot'em up                    ",11.111111111111104
meristation,"Ricardo Fernández
RicardoFAndres",Persona 5 Strikers,8.7,4.35,3.92,SEGA,PS4 NSW PC,"Acción, Beat'em up                    ",-9.885057471264362
Gamereactor,Sergio Figueroa,Fitness Boxing 2: Rhythm & Exercise (Nintendo Switch),6.0,3.0,3.25,Nintendo, Nintendo Switch,Deportes,8.333333333333332
revogamers,Carlos Firás,Análisis de Phogs!,8.0,4.0,4.0,None,Nintendo Switch,None,0.0
meristation,David Arroyo,Super Meat Boy Forever,8.0,4.0,3.12,Team Meat,AND PC NSW PS4 XBO IPD,Plataformas                    ,-21.999999999999996
revogamers,Javier Aranda,Análisis de MindSeize,8.0,4.0,3.33,First Press Games,Nintendo Switch,"Acción, Aventura, Plataformas",-16.75
Vandal,Sergio Martín,MotoGP 21 - Análisis,7.8,3.9,3.83,Milestone,PS5 Xbox One Xbox Series X/S Switch PS4 PC,Motos Velocidad,-1.794871794871791
revogamers,Javier Aranda,Análisis de Re:Turn – One Way Trip,7.5,3.75,3.5,GMG Publishing,Nintendo Switch,"Aventura, Puzle",-6.666666666666667
meristation,"Rubén Martínez
ruvenmb",No More Heroes 2: Desperate Struggle,8.0,4.0,3.8,Marvelous AQL,NSW Wii,"Acción, Aventura                    ",-5.000000000000004
meristation,Rubén Vázquez,Breathedge,8.0,4.0,3.4,HypeTrain Digital,XBO NSW PC PS4,"Aventura, Acción                    ",-15.000000000000002
meristation,"Ricardo Fernández
RicardoFAndres",Crazy BMX World,7.0,3.5,3.75,Shinyuden,NSW,"Deportes, Plataformas                    ",7.142857142857142
revogamers,José Moreno,Análisis de A-Train: All Aboard! Tourism,7.0,3.5,3.33,None,Nintendo Switch,None,-4.857142857142855
Gamereactor,Joakin Sjögren,Tetris Effect: Connected - Espectáculo sensorial compartido,8.0,4.0,4.0,Enhance," PC, Xbox One, Xbox Series X",Puzle,0.0
revogamers,Javier Aranda,Análisis de TOHU,7.5,3.75,3.67,The Irregular Corporation,Nintendo Switch,"Aventura, Puzle",-2.1333333333333355
Gamereactor,Jonas Mäki,Bright Memory - Para olvidar,4.0,2.0,3.67,FYQD Personal Studio," PC, Xbox Series X",Acción,83.5
Gamereactor,Daniel Andersen,NBA 2K21 (PS5),8.0,4.0,3.25,2K Sports," Nintendo Switch, PC, PS4, PS5, Stadia, Xbox One, Xbox Series X",Deportes,-18.75
Gamereactor,Daniel Gómez (supervisado por Sergio Figueroa),World of Warcraft: Shadowlands (PC),8.0,4.0,3.75,Blizzard, PC,MMORPG,-6.25
meristation,"Laura Luna
LauraLunaLu",Just Dance 2021,7.5,3.75,3.83,Ubisoft,PS5 PS4 XBO NSW STD XBS,"Simulación, Musical                    ",2.1333333333333355
Vandal,Juan Rubio,Scott Pilgrim vs. The World: The Game - Complete Edition - Análisis,7.8,3.9,4.0,Ubisoft,PS4 Switch Xbox One PC,Acción Beat'em up,2.5641025641025665
meristation,Carlos Forcada,Natsuki Chronicles,8.1,4.05,4.0,Rising Star Games,XBO PC PS4,"Acción, Shoot'em up                    ",-1.2345679012345634
meristation,"Laura Luna
LauraLunaLu",Pendragon,7.0,3.5,3.33,inkle,PC,"Estrategia, Por turnos                    ",-4.857142857142855
Gamereactor,Kieran Harris,Doom Eternal (Nintendo Switch),9.0,4.5,4.0,Bethesda Softworks," Nintendo Switch, PC, PS4, PS5, Stadia, Xbox One, Xbox Series X",Acción,-11.11111111111111
Gamereactor,Jack Oxford,"Atelier Ryza 2: Lost Legends & the Secret Fairy (PS4, PS5, Switch, PC)",8.0,4.0,3.6,Koei Tecmo," Nintendo Switch, PS4, PC, PS5",RPG,-9.999999999999998
Vandal,Fran G. Matas,Medal of Honor: Above and Beyond - Análisis,6.9,3.45,2.38,Electronic Arts,PC,Realidad Virtual Shooter en primera persona,-31.014492753623195
meristation,"Marta Oller
martaaax00",Jurassic World Evolution: Complete Edition,6.8,3.4,3.44,Frontier Developments,NSW,"Estrategia, Gestión                    ",1.176470588235295
meristation,"Rocío Torrejón
SeraPhiim_",Room to Grow,6.8,3.4,2.8,Mischka Kamener,PC,Puzle                    ,-17.647058823529417
Gamereactor,Ben Lyons,"Worms Rumble (PS4, PS5, PC)",7.0,3.5,3.4,Team 17, PS5,Acción,-2.85714285714286
Vandal,Carlos Leiva,Dragon Quest XI S: Echoes of an Elusive Age - Definitive Edition - Análisis,9.0,4.5,4.0,Square Enix,Xbox One Switch PS4 PC,JRPG Rol,-11.11111111111111
meristation,"Francisco J. Brenlla
franchuzas",Visage,8.0,4.0,3.62,SadSquare Studio,PC XBO PS4,Aventura                    ,-9.499999999999996
meristation,"Pablo González
Caith_Sith",Pumpkin Jack,7.6,3.8,3.8,Headup Games,PC XBO NSW PS4,Plataformas                    ,0.0
revogamers,Marcos Catalán,Análisis de Star Wars: Republic Commando,7.0,3.5,3.4,Aspyr Media,Nintendo Switch,"Acción, Aventura",-2.85714285714286
Gamereactor,Jonas Mäki,Yakuza: Like a Dragon,8.0,4.0,3.2,Sega," PS4, Xbox Series X, PC, Xbox One, PS5",Acción,-19.999999999999996
Gamereactor,Ricardo C. Esteves,World of Warcraft Versión 9.0,8.0,4.0,4.2,Blizzard Entertainment, PC,RPG,5.000000000000004
meristation,Rubén Vázquez,Batbarian: Testament of the Primordials,7.6,3.8,3.8,DANGEN Entertainment,NSW PC,"Plataformas, Acción                    ",0.0
revogamers,José Moreno,Analisis de Even the Ocean,8.5,4.25,4.25,None,Nintendo Switch,None,0.0
revogamers,Javier Aranda,Análisis de Two Parsecs from Earth,5.0,2.5,3.5,Ratalaika Games,Nintendo Switch,"Aventura, Plataformas",40.0
Vandal,Juan Rubio,FIFA 21 - Análisis,8.0,4.0,3.75,Electronic Arts,PS5 PS4 Xbox One PC Switch Xbox Series X/S,Deportes Fútbol,-6.25
revogamers,Javier Aranda,Análisis de Lost Words: Beyond the Page,7.5,3.75,3.67,Modus Games,Nintendo Switch,"Aventura, Plataformas",-2.1333333333333355
Vandal,Ramón Varela,Puyo Puyo Tetris 2 - Análisis,8.0,4.0,3.4,SEGA,PS4 Switch Xbox One Xbox Series X/S PS5 PC,Puzle,-15.000000000000002
revogamers,Javier Aranda,Análisis de Sumatra: Fate of Yandi,6.0,3.0,3.0,None,Nintendo Switch,None,0.0
Vandal,Edgar S. Fuentes,Visage - Análisis,8.7,4.35,3.86,Sadsquare Studio,PS4 PC Xbox One,Realidad Virtual Terror,-11.26436781609195
Vandal,Carlos Leiva,Immortals Fenyx Rising - Análisis,8.5,4.25,3.57,Ubisoft,Xbox Series X/S PC PS4 Switch Xbox One PS5,Aventura de acción Mundo abierto,-16.000000000000004
meristation,"Sergio C. González
Sergio5Glez",Manifold Garden,7.0,3.5,4.2,William Chyr Studio,NSW PC XBO PS4 XBS,Aventura                    ,20.000000000000004
Gamereactor,David Caballero,The Climb 2 (Oculus Quest 2),7.0,3.5,3.25,Crytek, Oculus Quest,Deportes,-7.142857142857142
revogamers,Carlos Firás,Análisis de Carto,7.5,3.75,4.0,Sunhead Games,Nintendo Switch,"Aventura, Puzle",6.666666666666667
meristation,José Luis Lópes de Garayo,Post Void,8.2,4.1,4.25,YCJY Games,PC,"Acción, First Person Shooter                    ",3.6585365853658622
meristation,"Salva Fernàndez
salbaFR",FIFA 21,7.6,3.8,3.0,Electronic Arts,PC PS5 XBS XBO NSW PS4,Deportes                    ,-21.052631578947363
revogamers,David Gómez,Análisis de Kingdom Hearts Melody of Memory,8.5,4.25,3.71,Square-Enix,Nintendo Switch,"Acción, Música",-12.705882352941178
revogamers,Javier Aranda,Análisis de Dicey Dungeons,8.5,4.25,3.67,Distractionware,Nintendo Switch,"Aventura, Roguelike, Rol (RPG)",-13.647058823529413
revogamers,Marcos Catalán,Análisis de FEZ,9.0,4.5,3.67,Polytron,Nintendo Switch,"Aventura, Otros, Plataformas, Puzle",-18.444444444444446
revogamers,Carlos Firás,Análisis de Turrican Flashback,8.0,4.0,3.5,None,Nintendo Switch,None,-12.5
revogamers,José Moreno,Análisis de Immortals Fenyx Rising,9.0,4.5,4.0,None,Nintendo Switch,None,-11.11111111111111
Gamereactor,Kieran Harris,Mundaun,7.0,3.5,3.25,MWM Interactive," Nintendo Switch, PC, PS4, PS5, Xbox One, Xbox Series X",Acción,-7.142857142857142
revogamers,Redaccion Revogamers,Análisis de Gal Gun Returns,7.5,3.75,3.67,None,Nintendo Switch,None,-2.1333333333333355
Gamereactor,Kieran Harris,Pac-Man 99,7.0,3.5,3.75,Bandai Namco Entertainment, Nintendo Switch,Puzle,7.142857142857142
revogamers,Marcos Catalán,Análisis de Monster Hunter Rise,8.5,4.25,3.46,Capcom,Nintendo Switch,"Acción, Aventura, Rol (RPG)",-18.58823529411765
Vandal,Fran G. Matas,Loop Hero - Análisis,8.5,4.25,3.89,Devolver Digital,PC,Action-RPG Roguelike,-8.470588235294114
Gamereactor,Fabrizia Malgieri,The Pathless - Una cacería mística,9.0,4.5,4.0,Annapurna Interactive," PS4, PC, PS5",Aventura,-11.11111111111111
revogamers,Javier Aranda,Análisis de Micetopia,6.0,3.0,3.0,Ratalaika Games,Nintendo Switch,"Aventura, Plataformas",0.0
meristation,"Sergio Melero
sermella",Alba: A Wildlife Adventure,8.0,4.0,4.33,ustwo,PC IPH IPD NSW,Aventura                    ,8.250000000000002
Gamereactor,Eko Putra Arif Budiman,Football Manager 2021 - Año de cambios,8.0,4.0,3.83,Sega," Android, PC, Xbox One, Xbox Series X",Simulación,-4.249999999999998
revogamers,Javier Aranda,Análisis de Projection: First Light,6.5,3.25,3.0,Blowfish Studios,Nintendo Switch,"Plataformas, Puzle",-7.6923076923076925
revogamers,José Moreno,Análisis de FUSER,8.0,4.0,4.33,None,Nintendo Switch,None,8.250000000000002
Gamereactor,Ben Lyons,Oddworld: Soulstorm,6.0,3.0,3.5,Sony," PC, PS4, PS5",Plataformas,16.666666666666664
Gamereactor,Kieran Harris,"The Medium (Xbox Series X, PC)",9.0,4.5,3.25,Bloober Team," Xbox Series X, PC",Terror,-27.77777777777778
Vandal,Carlos Leiva,Hyrule Warriors: La era del cataclismo - Análisis,7.8,3.9,3.25,Nintendo,Switch,Hack and Slash Musou,-16.666666666666664
meristation,"Salva Fernàndez
salbaFR",The Medium,7.5,3.75,3.5,Bloober Team,XBS PC,"Aventura, Acción                    ",-6.666666666666667
Vandal,Carlos Leiva,Yakuza: Like a Dragon - Análisis,8.4,4.2,3.8,Sega,PS4 Xbox Series X/S Xbox One PC PS5,JRPG Tipo GTA,-9.52380952380953
meristation,Cristian Ciuraneta,Gods Will Fall,6.5,3.25,3.5,Deep Silver,XBO NSW PC PS4 STD,"Aventura, Acción                    ",7.6923076923076925
Gamereactor,Ricardo C. Esteves,FIFA 21 (PS5 y Xbox Series X),6.0,3.0,2.67,Electronic Arts,None,Deportes,-11.000000000000004
Gamereactor,Juan A. Fonseca,Watch Dogs: Legion,8.0,4.0,3.86,Ubisoft," PS4, PC, Xbox One, Stadia, PS5, Xbox Series X",Acción,-3.500000000000003
revogamers,Marcos Catalán,Análisis de FEZ,9.0,4.5,3.67,Polytron,Nintendo Switch,"Aventura, Otros, Plataformas, Puzle",-18.444444444444446
Gamereactor,Roy Woodhouse,Necromunda: Underhive Wars,6.0,3.0,3.0,Focus Home Interactive," PC, PS4, Xbox One",RPG,0.0
Gamereactor,Kieran Harris,Observer: System Redux - Cyberterror,7.0,3.5,3.25,None," PS5, Xbox Series X",Terror,-7.142857142857142
Vandal,Ramón Varela,Empire of Sin - Análisis,7.5,3.75,3.43,Paradox Interactive,PC Xbox One Switch PS4,Estrategia por turnos Gestión - Tycoon,-8.53333333333333
meristation,Yago Lago,DARQ: Complete Edition,7.5,3.75,3.12,Unfold Games,PS4 XBO NSW PC,Aventura                    ,-16.799999999999997
meristation,David Arroyo,Space Crew,6.0,3.0,3.0,Curve Digital,PC PS4 XBO NSW,"Aventura, Simulación                    ",0.0
Vandal,Sergio Martín,Asterix & Obelix XXL Romastered - Análisis,7.5,3.75,4.0,Microids,PS4 Xbox One PC Switch,Aventura de acción,6.666666666666667
meristation,"Jose María Villalobos
JMVillalobos1",Capcom Arcade Stadium,8.5,4.25,3.83,Capcom,NSW,Acción                    ,-9.88235294117647
revogamers,Javier Aranda,Análisis de Tropico 6 – Nintendo Switch Edition,8.0,4.0,3.67,Kalypso Media,Nintendo Switch,"Estrategia, Simulación",-8.250000000000002
meristation,Aarón Rodríguez,Genshin Impact,8.0,4.0,4.0,miHoYo,PC IPH IPD AND NSW PS4 PS5,"RPG, Acción                    ",0.0
revogamers,Marcos Catalán,Análisis de Override 2: Super Mech League,6.0,3.0,3.33,Modus Games,Nintendo Switch,"Acción, Fiesta, Lucha",11.000000000000004
Gamereactor,Alberto Garrido,"Immortals: Fenyx Rising (PC, Switch, PS4, Xbox One)",8.0,4.0,3.71,Ubisoft," PC, PS4, Xbox One, Nintendo Switch, PS5, Xbox Series X",Acción,-7.250000000000001
meristation,Rubén Vázquez,Blue Fire,8.4,4.2,4.0,Graffiti Games,NSW PC PS4 XBO,"Aventura, Acción                    ",-4.761904761904765
Vandal,Sergio Martín,Space Invaders Forever - Análisis,8.0,4.0,4.0,Taito,Switch PS4,Shoot'em up Shooter,0.0
meristation,Pedro Herrero,NBA 2K21,8.0,4.0,3.11,2K Games,PS5 XBS PC XBO NSW STD PS4,Deportes                    ,-22.250000000000004
Gamereactor,Damian Cholewa,Análisis Cyberpunk 2077: ¿Qué esconde Night City?,7.0,3.5,3.42,CD Projekt Red," PC, PS4, PS5, Stadia, Xbox One, Xbox Series X",RPG,-2.285714285714288
Gamereactor,Ben Lyons,Outriders,8.0,4.0,3.0,Square Enix," PC, PS4, PS5, Stadia, Xbox One, Xbox Series X",Acción,-25.0
Gamereactor,Isabel M. Zurita,Say No! More,7.0,3.5,3.8,Thunderful Group," PC, Nintendo Switch, iOS",Simulación,8.571428571428566
meristation,Carlos Forcada,Oddworld: Soulstorm,7.5,3.75,3.57,Oddworld Inhabitants,PC PS4 PS5,"Aventura, Puzle                    ",-4.800000000000004
meristation,"Jose María Villalobos
JMVillalobos1",The Pathless,7.5,3.75,3.7,Annapurna Interactive,IPH IPD PS5 PC PS4,"Aventura, Acción                    ",-1.3333333333333286
Gamereactor,Ben Lyons,"Análisis de Rogue Company para PC, PS4, Xbox One y Switch",7.0,3.5,3.5,Hi-Rez Studios," Nintendo Switch, PC, PS4, Xbox One",Acción,0.0
meristation,"Sergio C. González
Sergio5Glez",Dirt 5,8.0,4.0,2.89,Codemasters,PS4 PC PS5 XBO STD XBS,Conducción                    ,-27.749999999999996
revogamers,Marcos Catalán,Análisis de Commandos 2 – HD Remaster,7.0,3.5,3.25,"Raylight Games, Yippee! Entertainment",Nintendo Switch,Estrategia,-7.142857142857142
Gamereactor,Ben Lyons,Destiny 2: Más allá de la Luz,8.0,4.0,4.17,Bungie," PC, PS4, Xbox One, PS5, Xbox Series X, Stadia",Acción,4.249999999999998
meristation,"Salva Fernàndez
salbaFR",Bright Memory,8.0,4.0,3.75,PLAYISM,PC XBS,"Acción, First Person Shooter                    ",-6.25
meristation,Alejandro Castillo - @acastillo117,Destiny 2: Más allá de la Luz ,7.8,3.9,3.6,Bungie,PS4 XBO STD PS5 XBS PC,"Acción, First Person Shooter                    ",-7.692307692307689
meristation,"Francisco J. Brenlla
franchuzas",NieR Replicant ver.1.22474487139...,8.5,4.25,3.71,Square Enix,PC XBO PS4,"Acción, RPG                    ",-12.705882352941178
revogamers,Javier Aranda,Análisis de Yuppie Psycho: Executive Edition,9.0,4.5,3.5,Baroque Decay,Nintendo Switch,Aventura,-22.22222222222222
revogamers,Javier Aranda,Análisis de When the Past was Around,7.0,3.5,4.0,Chorus Worldwide Games,Nintendo Switch,Puzle,14.285714285714285
meristation,"Salva Fernàndez
salbaFR",World of Demons,8.0,4.0,3.5,Platinum Games,IPH IPD,"Acción, Beat'em up                    ",-12.5
Vandal,Juan Rubio,Remothered: Broken Porcelain - Análisis,4.0,2.0,2.8,Modus Games,PC Switch Xbox One PS4,Aventura de acción Aventura narrativa Terror,39.99999999999999
Gamereactor,Ben Lyons,Main Assembly (PC),7.0,3.5,4.0,Team 17, PC,Simulación,14.285714285714285
revogamers,Javier Aranda,Análisis de Let’s Sing 13 (2021),8.0,4.0,3.75,Koch Media,Nintendo Switch,None,-6.25
Gamereactor,Sergio Figueroa,Ghosts 'n Goblins Resurrection (Nintendo Switch),7.0,3.5,3.8,Capcom, Nintendo Switch,Acción,8.571428571428566
Gamereactor,Àlex Gargallo,Monster Energy Supercross - The Official Videogame 4,6.0,3.0,3.5,Milestone," PC, PS4, PS5, Stadia, Xbox One, Xbox Series X",Deportes,16.666666666666664
Vandal,Saúl González,Call of Duty: Black Ops Cold War - Análisis,8.0,4.0,3.67,Activision,PS4 Xbox One PC PS5 Xbox Series X/S,Shooter en primera persona,-8.250000000000002
Vandal,Carlos Leiva,Chronos: Before the Ashes - Análisis,7.0,3.5,3.4,THQ Nordic,PS4 PC Xbox One Switch,Action-RPG Hack and Slash Tipo Souls,-2.85714285714286
meristation,"Francisco Alberto Serrano
faserranoacosta",Cloudpunk,8.0,4.0,3.67,ION LANDS,PC PS4 XBO NSW,Aventura                    ,-8.250000000000002
Vandal,Manu Delgado,Chicken Police - Análisis,7.5,3.75,3.38,HandyGames,PC Xbox One Switch PS4,Aventura narrativa Detectives Novela visual,-9.866666666666669
meristation,Rubén Vázquez,Stirring Abyss,7.8,3.9,3.8,Slitherine Strategies,PC,"RPG, Táctico, Por turnos                    ",-2.5641025641025665
revogamers,Javier Aranda,Análisis de Cyanide & Happiness – Freakpocalypse,7.0,3.5,3.0,Serenity Forge,Nintendo Switch,"Aventura, Puzle",-14.285714285714285
Vandal,Fran G. Matas,Star Wars: Tales from the Galaxy's Edge - Análisis,5.0,2.5,2.67,Disney,PC,Aventura de exploración y puzles Realidad Virtual,6.799999999999998
revogamers,Javier Aranda,Análisis de Serious Sam Collection,7.0,3.5,3.33,Devolver Digital,Nintendo Switch,Acción en primera persona (FPS),-4.857142857142855
meristation,Alejandro Castillo - @acastillo117,Dragon Quest XI S: Ecos de un pasado perdido - Edición definitiva,9.3,4.65,3.83,Square Enix,PS4 NSW PC XBO,"RPG, Por turnos                    ",-17.634408602150543
revogamers,Carlos Firás,Análisis de Steamroll,6.5,3.25,3.5,None,Nintendo Switch,None,7.6923076923076925
meristation,"Rocío Torrejón
SeraPhiim_",Torchlight III,6.8,3.4,3.57,Perfect World Entertainment,PS4 XBO PC NSW,"Acción, RPG                    ",4.999999999999998
Gamereactor,Kieran Harris,"Taxi Chaos (Nintendo Switch, PS4, PC, Xbox One)",4.0,2.0,2.75,None," Nintendo Switch, PC, PS4, Xbox One",Carreras,37.5
meristation,"Salva Fernàndez
salbaFR",Hyrule Warriors: La era del cataclismo,7.5,3.75,3.29,Nintendo,NSW,"Acción, Beat'em up                    ",-12.266666666666666
revogamers,Javier Aranda,Análisis de Space Otter Charlie,8.0,4.0,3.67,None,Nintendo Switch,None,-8.250000000000002
Vandal,Carlos Leiva,Cyber Shadow - Análisis,7.8,3.9,4.25,Yacht Club Games,PS4 PC Switch Xbox One PS5,Aventura de acción Plataformas 2D,8.974358974358978
Gamereactor,Ben Lyons,Spider-Man: Miles Morales para PS5,9.0,4.5,3.6,Sony Interactive Entertainment," PS5, PS4",Acción,-20.0
Vandal,Jorge Cano,Call of the Sea - Análisis,7.5,3.75,4.0,Raw Fury,PC Xbox Series X/S Xbox One PS4 PS5,Aventura narrativa,6.666666666666667
Vandal,Manu Delgado,Colossus Down - Análisis,7.0,3.5,3.8,Mango Protocol,PC Xbox One Switch PS4,Aventura de acción Multijugador Online,8.571428571428566
Gamereactor,Jack Oxford,Loop Hero (PC),9.0,4.5,3.8,Devolver Digital, PC,Acción,-15.555555555555559
revogamers,Marcos Catalán,Análisis de FEZ,9.0,4.5,3.67,Polytron,Nintendo Switch,"Aventura, Otros, Plataformas, Puzle",-18.444444444444446
meristation,Pedro Herrero,Werewolf: The Apocalypse - Earthblood,6.0,3.0,3.14,Nacon,PC PS4 XBO XBS PS5,"Acción, RPG                    ",4.666666666666671
Vandal,Fran G. Matas,Gods Will Fall - Análisis,5.5,2.75,3.0,Deep Silver,PS4 PC Switch Xbox One,Aventura de acción,9.090909090909092
Gamereactor,Kieran Harris,Before Your Eyes,9.0,4.5,3.67,Skybound Games, PC,Aventura,-18.444444444444446
revogamers,Mercedes R.,Análisis de Pikmin 3 Deluxe,9.0,4.5,3.83,Nintendo,Nintendo Switch,"Aventura, Estrategia",-14.888888888888888
revogamers,José Moreno,Análisis de Sam & Max Save the World Remastered,8.5,4.25,3.75,None,Nintendo Switch,None,-11.76470588235294
meristation,"Borja Ruete
borjaruete",Narita Boy,8.0,4.0,3.83,Team17,PC PS4 XBO NSW,"Aventura, Acción                    ",-4.249999999999998
Gamereactor,Kieran Harris,Harvest Moon: Un Mundo Único (Nintendo Switch),5.0,2.5,3.2,Rising Star Games, Nintendo Switch,Simulación,28.000000000000007
revogamers,Carlos Firás,Análisis de Mail Mole,6.0,3.0,3.67,None,Nintendo Switch,None,22.33333333333333
Vandal,Carlos Leiva,Mortal Kombat 11 Ultimate - Análisis,9.0,4.5,4.14,Warner Bros.,PS5 Xbox Series X/S,Lucha 3D Lucha,-8.000000000000007
Gamereactor,Jonas Mäki,Gears Tactics para Xbox Series X,8.0,4.0,4.0,Microsoft Studios," PC, Xbox One, Xbox Series X",Estrategia,0.0
Gamereactor,Eirik Hyldbakk Furu,Call of Duty: Black Ops Cold War,8.0,4.0,3.29,Activision," PC, PS4, PS5, Xbox One, Xbox Series X",Acción,-17.75
meristation,"Salva Fernàndez
salbaFR",Neogeo Pocket Color Selection Vol. 1,7.5,3.75,3.83,SNK Corporation,NSW,Acción                    ,2.1333333333333355
Vandal,Fran G. Matas,XIII - Análisis,5.0,2.5,2.14,Microids,PS4 Xbox One PC Switch,Shooter en primera persona,-14.399999999999997
meristation,Miguel Olmedo Morell,Nickelodeon Kart Racers 2: Grand Prix,7.0,3.5,3.25,GameMill Entertainment,NSW PS4 XBO PC,Conducción                    ,-7.142857142857142
meristation,"Ricardo Fernández
RicardoFAndres",Story of Seasons: Pioneers of Olive Town,8.5,4.25,4.0,XSEED Games,NSW,"Simulación, Gestión, Vida virtual                    ",-5.88235294117647
revogamers,Javier Aranda,Análisis de Alpaca Ball: Allstars,7.0,3.5,4.0,Badland Publishing,Nintendo Switch,"Aventura, Deportes, Fiesta",14.285714285714285
Gamereactor,Kieran Harris,"Monster Sanctuary (Switch, PS4, Xbox One, PC)",9.0,4.5,3.4,Team17,None,Acción,-24.444444444444446
Gamereactor,Alberto Garrido,Monster Hunter Rise,8.0,4.0,3.83,Capcom," Nintendo Switch, PC",Acción,-4.249999999999998
meristation,Alejandro Castillo - @acastillo117,Outriders,7.5,3.75,3.4,Square Enix,STD PC PS4 XBO PS5 XBS,"Acción, Disparos                    ",-9.333333333333336
Vandal,Juan Rubio,Olija - Análisis,7.5,3.75,3.5,Devolver Digital,PC Switch PS4 Xbox One,Aventura de acción,-6.666666666666667
meristation,"Laura Luna
LauraLunaLu",Paradise Killer,8.5,4.25,3.71,Fellow Traveller,PC NSW,Aventura                    ,-12.705882352941178
Gamereactor,Ben Lyons,"Scott Pilgrim vs. The World: The Game Complete Edition (PS4, Switch, PC, Xbox One)",8.0,4.0,3.5,Ubisoft," Nintendo Switch, PC, PS4, Stadia, Xbox One",Acción,-12.5
revogamers,Javier Aranda,Análisis de Part Time UFO,8.0,4.0,4.0,HAL Laboratory,Nintendo Switch,Puzle,0.0
meristation,Aarón Rodríguez,Gal Gun Returns,7.9,3.95,3.6,PQube,PC XBO NSW,"Acción, Disparos                    ",-8.860759493670887
meristation,"Ricardo Fernández
RicardoFAndres",Drawn to Life: Two Realms,6.0,3.0,3.25,505 Games,PC NSW IPH IPD AND,Aventura                    ,8.333333333333332
Vandal,Alberto González,Spacebase Startopia - Análisis,7.0,3.5,3.75,Kalypso Media,PC PS4 Xbox One PS5 Xbox Series X/S Switch,Construcción Gestión - Tycoon Simulador espacial,7.142857142857142
meristation,"Nacho Requena
nachomol",Age of Empires III: Definitive Edition,8.0,4.0,4.0,Xbox Game Studios,PC,"Estrategia, Tiempo real                    ",0.0
Gamereactor,Johan Vahlström,Ride 4,6.0,3.0,2.0,Milestone," Xbox One, PS4, PC, PS5, Xbox Series X",Carreras,-33.33333333333333
Gamereactor,Stefan Briesenick,Genshin Impact,7.0,3.5,3.0,None," PS4, PC, Nintendo Switch, iOS, Android, PS5",RPG,-14.285714285714285
meristation,"Pablo González
Caith_Sith",Kingdom Hearts: Melody of Memory,8.0,4.0,3.86,Square Enix,PS4 XBO NSW,"Acción, Musical                    ",-3.500000000000003
revogamers,Javier Aranda,Análisis de LUNA the Shadow Dust,7.0,3.5,4.0,Coconut Island Games,Nintendo Switch,"Aventura, Puzle",14.285714285714285
meristation,Alejandro Castillo - @acastillo117,Cyberpunk 2077,4.0,2.0,2.0,CD Projekt RED,XBO PS4 STD PC,"Acción, RPG                    ",0.0
meristation,"Borja Ruete
borjaruete",The Shore,5.5,2.75,3.4,Ares Dragonis,PC,Aventura                    ,23.636363636363633
Gamereactor,David Caballero,Super Mario 3D World + Bowser's Fury,9.0,4.5,3.86,Nintendo, Nintendo Switch,Plataformas,-14.222222222222225
meristation,"Virginia Mejías
arashhi",Fitness Boxing 2: Rhythm & Exercise,7.5,3.75,3.5,Nintendo,NSW,Deportes                    ,-6.666666666666667
Vandal,Juan Rubio,GoNNER 2 - Análisis,8.0,4.0,4.0,Raw Fury,Switch PC Xbox One Xbox Series X/S PS4,Arcade Plataformas 2D,0.0
revogamers,Marcos Catalán,Análisis de Horace,8.0,4.0,3.75,Paul Helman and Sean Scaplehorn,Nintendo Switch,"Arcade, Plataformas",-6.25
meristation,"Borja Ruete
borjaruete",Immortals Fenyx Rising,8.5,4.25,3.57,Ubisoft,XBO NSW STD PC PS4,"Aventura, Acción                    ",-16.000000000000004
revogamers,Carlos Firás,Análisis de Chicken Police – Paint it RED!,8.0,4.0,4.0,None,Nintendo Switch,None,0.0
meristation,Yago Lago,Mutropolis,6.7,3.35,3.29,Application Systems Heidelberg,PC,Aventura gráfica                    ,-1.7910447761194044
revogamers,Arturo Albero,Análisis de Ys Origin,8.5,4.25,4.0,"DotEmu, Nihon Falcom",Nintendo Switch,"Acción, Aventura, Plataformas, Rol (RPG)",-5.88235294117647
Gamereactor,Jack Oxford,"Blue Fire (Nintendo Switch, PC)",8.0,4.0,3.5,Graffiti Games, Nintendo Switch,Acción,-12.5
Gamereactor,Kieran Harris,Crash Bandicoot: On the Run!,5.0,2.5,3.2,Activision," Android, iOS",Plataformas,28.000000000000007
Gamereactor,Ben Lyons,"Maquette (PS5, PS4, PC)",6.0,3.0,3.33,Annapurna Interactive," PC, PS4, PS5",Puzle,11.000000000000004
revogamers,Carlos Firás,Análisis de Prinny 1 y 2 Exploded & Reloaded,7.0,3.5,3.33,None,Nintendo Switch,None,-4.857142857142855
meristation,Aarón Rodríguez,Re:ZERO -Starting Life in Another World- The Prophecy of the Throne,6.5,3.25,3.43,Spike Chunsoft,PC PS4 NSW,"Aventura, Táctico                    ",5.538461538461544
Vandal,Ramón Varela,Blizzard Arcade Collection - Análisis,7.5,3.75,3.5,Blizzard,PS4 PC Xbox One Switch,Compilacion Plataformas 3D Run and gun,-6.666666666666667
Vandal,Saúl González,Partisans 1941 - Análisis,7.8,3.9,4.2,Daedalic Entertainment,PC,Estrategia en tiempo real Sigilo,7.6923076923077
revogamers,José Moreno,Análisis de Ghost of a Tale,8.5,4.25,3.67,None,Nintendo Switch,None,-13.647058823529413
Vandal,Ramón Varela,Atelier Ryza 2: Lost Legends & the Secret Fairy - Análisis,7.5,3.75,3.29,Koei Tecmo,PS4 PC Switch PS5,JRPG Rol,-12.266666666666666
Gamereactor,Ricardo C. Esteves,"Control: Ultimate Edition (PS5, Xbox Series X)",8.0,4.0,4.0,505 Games," PC, PS4, Xbox One, Nintendo Switch, PS5, Xbox Series X",Acción,0.0
meristation,Ramón Méndez,Yakuza: Like a Dragon,8.6,4.3,3.71,SEGA,PS4 XBO PC XBS PS5,"RPG, Por turnos                    ",-13.720930232558137
revogamers,José Moreno,Análisis de Torchlight III,7.5,3.75,4.0,None,Nintendo Switch,None,6.666666666666667
Vandal,Jorge Cano,Amnesia: Rebirth - Análisis,8.2,4.1,3.6,Frictional Games,PC PS4,Terror Walking Simulator,-12.195121951219502
meristation,"Francisco J. Brenlla
franchuzas",Pikmin 3 Deluxe,8.5,4.25,3.45,Nintendo,NSW,"Estrategia, Aventura                    ",-18.823529411764703
revogamers,Wences A. Machado,Análisis de Grindstone,8.5,4.25,3.75,None,Nintendo Switch,None,-11.76470588235294
Vandal,Manu Delgado,Alba: A Wildlife Adventure - Análisis,8.0,4.0,3.33,ustwo games,iPhone PC Switch,Aventura de exploración y puzles Aventura narrativa,-16.75
revogamers,David Gómez,Análisis de Persona 5 Strikers,9.0,4.5,3.8,"ATLUS, Koei Tecmo, Omega Force",Nintendo Switch,"Acción, Rol (RPG)",-15.555555555555559
revogamers,Marcos Catalán,Análisis de FEZ,9.0,4.5,3.67,Polytron,Nintendo Switch,"Aventura, Otros, Plataformas, Puzle",-18.444444444444446
Gamereactor,Ricardo C. Esteves,FIFA 21,6.0,3.0,2.86,Electronic Arts,None,Deportes,-4.666666666666671
meristation,"Salva Fernàndez
salbaFR",Destruction AllStars,6.5,3.25,3.5,PlayStation Studios,PS5,"Conducción, Acción                    ",7.6923076923076925
meristation,"Sergio C. González
Sergio5Glez",Monster Hunter Rise,9.0,4.5,3.94,Capcom,PC NSW,"Aventura, Acción                    ",-12.444444444444445
revogamers,José Moreno,Análisis de Space Invaders Forever,7.5,3.75,3.75,None,Nintendo Switch,None,0.0
revogamers,Javier Aranda,Análisis de Haven,8.5,4.25,3.33,The Game Bakers,Nintendo Switch,Rol (RPG),-21.64705882352941
revogamers,David Morillo,Análisis de Balan Wonderworld,4.0,2.0,2.33,Square-Enix,Nintendo Switch,"Acción, Plataformas",16.500000000000004
revogamers,Javier Aranda,Análisis de More Dark,6.0,3.0,3.5,Ratalaika Games,Nintendo Switch,"Plataformas, Puzle",16.666666666666664
Vandal,Manu Delgado,I Am Dead - Análisis,7.2,3.6,3.5,Annapurna Interactive,Switch PC,Aventura de exploración y puzles Aventura narrativa,-2.77777777777778
meristation,"Laura Luna
LauraLunaLu",Overcooked! All You Can Eat,8.5,4.25,3.8,Team17,XBO NSW PC PS4 PS5 XBS,"Acción, Minijuegos                    ",-10.58823529411765
revogamers,Javier Aranda,Análisis de Little Big Workshop,8.0,4.0,3.5,HandyGames,Nintendo Switch,"Estrategia, Simulación",-12.5
revogamers,José Moreno,Análisis de Asterix & Obelix XXL: Romastered,8.0,4.0,3.75,None,Nintendo Switch,None,-6.25
Gamereactor,Jonas Mäki,Puyo Puyo Tetris 2,7.0,3.5,3.4,Sega," Nintendo Switch, PC, PS4, PS5, Xbox One, Xbox Series X",Puzle,-2.85714285714286
meristation,"Ricardo Fernández
RicardoFAndres",Super Mario Bros. 35,7.5,3.75,3.25,Nintendo,NSW,"Plataformas, Battle Royale                    ",-13.333333333333334
revogamers,José Moreno,Análisis de Capcom Arcade Stadium,7.5,3.75,4.33,None,Nintendo Switch,None,15.466666666666667
Gamereactor,Petter Hegevall,Fantasian,9.0,4.5,3.67,Mistwalker, iOS,RPG,-18.444444444444446
revogamers,José Moreno,Análisis de Olija,8.0,4.0,4.0,None,Nintendo Switch,None,0.0
meristation,Rubén Vázquez,Fire Emblem Shadow Dragon & the Blade of Light,5.2,2.6,3.2,Nintendo,NSW,"RPG, Por turnos                    ",23.076923076923077
Gamereactor,Sergio Figueroa,Devil May Cry 5: Special Edition,8.0,4.0,3.5,Capcom," PC, PS4, Xbox One",Acción,-12.5
meristation,Yago Lago,Leisure Suit Larry: Wet Dreams Dry Twice,8.0,4.0,3.8,Assemble Entertainment,PC PS4 XBO NSW,Aventura gráfica                    ,-5.000000000000004
revogamers,Carlos Firás,Análisis de Oceanhorn 2: Knights of the Lost Realm,6.5,3.25,3.33,None,Nintendo Switch,None,2.4615384615384635
Vandal,Sergio Martín,Plants vs. Zombies: Battle for Neighborville - Análisis,8.0,4.0,2.8,Electronic Arts,Switch Xbox One PS4 PC,Shooter en tercera persona,-30.000000000000004
meristation,"Francisco Alberto Serrano
faserranoacosta",Loop Hero,8.2,4.1,3.44,Devolver Digital,PC,"Estrategia, RPG                    ",-16.097560975609753
revogamers,Carlos Firás,Análisis de Umihara Kawase BaZooka!,5.5,2.75,3.5,None,Nintendo Switch,None,27.27272727272727
Gamereactor,Kieran Harris,Fuser,8.0,4.0,3.5,Harmonix," PC, PS4, PS5, Xbox One, Xbox Series X",Música,-12.5
meristation,Cristian Ciuraneta,Lost Words: Beyond the Page,7.0,3.5,3.67,Modus Games,STD PC PS4 XBO NSW,Plataformas                    ,4.857142857142855
meristation,David Arroyo,Scott Pilgrim vs. The World: The Game - Complete Edition,8.0,4.0,3.5,Ubisoft,PC PS4 XBO STD NSW,"Acción, Beat'em up                    ",-12.5
Vandal,Ramón Varela,Judgment - Análisis,8.4,4.2,3.17,Sega,PS5 PS4 Xbox Series X/S,Mundo abierto Tipo GTA,-24.52380952380953
meristation,Cristian Ciuraneta,Onee Chanbara Origin,6.0,3.0,3.33,D3 Publisher,PC PS4,"Acción, Beat'em up                    ",11.000000000000004
meristation,"Ricardo Fernández
RicardoFAndres",Override 2: Super Mech League,5.0,2.5,3.25,Modus Games,XBS PC PS4 XBO NSW PS5,Acción                    ,30.0
meristation,Alejandro Castillo - @acastillo117,Ride 4,7.5,3.75,3.8,Bandai Namco Entertainment,PC XBO PS4 PS5 XBS,Conducción                    ,1.3333333333333286
revogamers,Marcos Catalán,Análisis de Heaven’s Vault,7.0,3.5,3.2,inkle,Nintendo Switch,"Aventura, Puzle",-8.571428571428566
meristation,"Ricardo Fernández
RicardoFAndres",Balan Wonderworld,5.5,2.75,2.43,Square Enix,PC PS4 XBO NSW PS5 XBS,Plataformas                    ,-11.636363636363631
revogamers,Javier Aranda,Análisis de Colossus Down,7.5,3.75,3.67,Mango Protocol,Nintendo Switch,Beat'em up,-2.1333333333333355
meristation,"Rocío Torrejón
SeraPhiim_",Cozy Grove,6.5,3.25,3.29,Spry Fox,IPH IPD PC PS4 XBO NSW,"Aventura, Simulación                    ",1.2307692307692317
meristation,"Francisco J. Brenlla
franchuzas",Bugsnax,7.5,3.75,3.7,Young Horses,PS5 PC PS4,Aventura                    ,-1.3333333333333286
Vandal,Saúl González,World of Warcraft: Shadowlands - Análisis,8.5,4.25,3.67,Blizzard,PC,MMORPG,-13.647058823529413
revogamers,Marcos Catalán,Análisis de Let’s Sing Queen,7.0,3.5,3.67,Voxler SAS,Nintendo Switch,"Fiesta, Música",4.857142857142855
Gamereactor,Kieran Harris,"Override 2: Super Mech League (PS5, Xbox Series X, Switch, PC)",5.0,2.5,3.0,Modus Games," Nintendo Switch, PC, PS4, PS5, Xbox One, Xbox Series X",Lucha,20.0
revogamers,Javier Aranda,Análisis de No More Heroes 2: Desperate Struggle,8.5,4.25,3.67,Marvelous,Nintendo Switch,Acción,-13.647058823529413
revogamers,Javier Aranda,Análisis de Touhou Luna Nights,8.0,4.0,3.67,Phoenixx,Nintendo Switch,"Acción, Aventura",-8.250000000000002
revogamers,Javier Aranda,Análisis de Super Meat Boy Forever,7.5,3.75,3.5,Team Meat,Nintendo Switch,"Plataformas, Puzle",-6.666666666666667
revogamers,Marcos Catalán,Análisis de 9 Monkeys of Shaolin,7.0,3.5,3.0,Sobaka Studio,Nintendo Switch,"Acción, Arcade, Lucha",-14.285714285714285
meristation,"Ricardo Fernández
RicardoFAndres",Kirby Fighters 2,7.5,3.75,4.0,Nintendo,NSW,Acción                    ,6.666666666666667
meristation,"Francisco Alberto Serrano
faserranoacosta",Marvel's Spider-Man: Miles Morales,8.5,4.25,3.67,PlayStation Studios,PS5 PS4,"Aventura, Acción                    ",-13.647058823529413
Vandal,Carlos Leiva,NieR Replicant ver.1.22474487139... - Análisis,8.5,4.25,3.9,Square Enix,PS4 Xbox One PC,JRPG Rol,-8.235294117647062
meristation,"Salva Fernàndez
salbaFR",Crash Bandicoot 4: It's About Time,8.0,4.0,4.0,Activision,NSW PC PS4 XBO XBS PS5,Plataformas                    ,0.0
Vandal,Juan Rubio,The Medium - Análisis,7.7,3.85,3.4,Bloober Team,Xbox Series X/S PC,Survival Horror Terror,-11.688311688311693
meristation,"Rocío Torrejón
SeraPhiim_",Little Nightmares 2,8.6,4.3,3.86,Bandai Namco Entertainment,PC PS4 NSW PS5 XBS XBO,Aventura                    ,-10.232558139534884
meristation,"Jose María Villalobos
JMVillalobos1",The Red Lantern,6.0,3.0,2.83,Timberline Studio,NSW PC,Aventura                    ,-5.666666666666664
meristation,"Débora Moro
npcdeb",Bravely Default II,8.0,4.0,3.75,Square Enix,NSW,"RPG, Por turnos                    ",-6.25
Gamereactor,Ben Lyons,Sam & Max Save the World Remastered,7.0,3.5,3.4,Skunkape Games," Nintendo Switch, PC",Aventura,-2.85714285714286
meristation,"Francisco Alberto Serrano
faserranoacosta",Astro's Playroom,8.5,4.25,4.0,PlayStation Studios,PS5 PS5,Plataformas                    ,-5.88235294117647
Gamereactor,Jonas Mäki,It Takes Two,8.0,4.0,3.33,Electronic Arts," PC, PS4, PS5, Xbox One, Xbox Series X",Party Game,-16.75
Gamereactor,Kieran Harris,"Blizzard Arcade Collection (PC, Switch, PS4, Xbox One)",7.0,3.5,3.75,Blizzard Entertainment," Nintendo Switch, PC, PS4, Xbox One",Plataformas,7.142857142857142
Gamereactor,Ben Lyons,Doom Eternal: The Ancient Gods - Segunda Parte,8.0,4.0,4.0,Bethesda Softworks," Nintendo Switch, PC, PS4, PS5, Stadia, Xbox One, Xbox Series X",Acción,0.0
revogamers,Wences A. Machado,Análisis de Crash Bandicoot 4: It’s About Time,8.0,4.0,3.67,Toys for Bob,Nintendo Switch,None,-8.250000000000002
meristation,"Sergio C. González
Sergio5Glez",Grindstone,8.0,4.0,4.17,Capybara Games,IPH IPD NSW,Puzle                    ,4.249999999999998
meristation,"Francisco J. Brenlla
franchuzas",Super Mario 3D World + Bowser's Fury,9.0,4.5,3.58,Nintendo,NSW,Plataformas                    ,-20.444444444444443
meristation,Alejandro Castillo - @acastillo117,Hitman 3,8.7,4.35,3.3,IO-Interactive,PC PS5 XBS PS4 XBO STD,"Aventura, Acción                    ",-24.137931034482758
meristation,Dedede,For the People,6.0,3.0,2.8,101XP,PC,Aventura                    ,-6.666666666666672
meristation,"Jose María Villalobos
JMVillalobos1",Amnesia: Rebirth,8.0,4.0,3.5,Frictional Games,PS4 PC,Aventura                    ,-12.5
Gamereactor,Isabel M. Zurita,"Narita Boy (PC, Nintendo Switch, PS4, Xbox)",9.0,4.5,4.0,Studio Koba," Nintendo Switch, PC, PS4, Xbox One",Acción,-11.11111111111111
revogamers,Carlos Firás,Análisis de Genesis Noir,7.5,3.75,3.67,None,Nintendo Switch,None,-2.1333333333333355
Gamereactor,Jakob Hansen,Mario Kart Live: Home Circuit,8.0,4.0,4.0,Nintendo, Nintendo Switch,Carreras,0.0
revogamers,José Moreno,Análisis de Sword of the Necromancer,7.5,3.75,3.67,None,Nintendo Switch,None,-2.1333333333333355
meristation,César Otero,Godfall,6.2,3.1,3.2,Gearbox Software,PC PS5,"Acción, RPG                    ",3.2258064516129057
meristation,Carlos Forcada,Cyber Shadow,7.9,3.95,3.43,Yacht Club Games,PC PS4 XBO NSW,"Plataformas, Acción                    ",-13.164556962025317
Vandal,Carlos Leiva,The Nioh Collection - Análisis,8.0,4.0,3.67,Koei Tecmo,PS5,Action-RPG Aventura de acción Hack and Slash Tipo Souls,-8.250000000000002
Vandal,Carlos Leiva,Super Mario 3D World + Bowser's Fury - Análisis,9.2,4.6,3.88,Nintendo,Switch,Plataformas 3D Plataformas,-15.652173913043473
revogamers,Arturo Albero,Análisis de Hyrule Warriors: La era del cataclismo,8.0,4.0,3.75,Koei Tecmo,Nintendo Switch,"Acción, Aventura",-6.25
meristation,"Sergio Melero
sermella",9 Monkeys of Shaolin,6.5,3.25,3.2,Buka Entertainment,XBO NSW PS4 PC,"Acción, Beat'em up                    ",-1.538461538461533
Gamereactor,Stefan Briesenick,Persona 5 Strikers,7.0,3.5,3.2,Atlus," Nintendo Switch, PC, PS4",Acción,-8.571428571428566
meristation,"Rubén Martínez
ruvenmb",Call of Duty: Black Ops Cold War,8.2,4.1,3.7,Activision,PS4 XBO PC XBS PS5,"Acción, First Person Shooter                    ",-9.756097560975597
Gamereactor,Kieran Harris,Double Pug para Nintendo Switch,5.0,2.5,3.25,None," Nintendo Switch, PS4, Xbox One",None,30.0
meristation,"Borja Ruete
borjaruete",Control Ultimate Edition,8.0,4.0,3.6,505 Games,PS5 XBO PC PS4 XBS,"Aventura, Acción, Disparos                    ",-9.999999999999998
Gamereactor,Martin Lindgaard Svane,Story of Seasons: Pioneers of Olive Town,6.0,3.0,3.0,Marvelous, Nintendo Switch,Simulación,0.0
meristation,Cesar Otero,Ghosts 'n Goblins Resurrection,8.7,4.35,3.33,Capcom,NSW PC PS4 XBO,"Plataformas, Acción                    ",-23.448275862068957
revogamers,Javier Aranda,Análisis de Taiko no Tatsujin: Rhythmic Adventure Pack,7.5,3.75,3.33,Bandai Namco,Nintendo Switch,"Música, Rol (RPG)",-11.199999999999998
revogamers,Marcos Catalán,Análisis de Empire of Sin,7.5,3.75,3.5,Romero Games,Nintendo Switch,"Acción, Estrategia, Rol (RPG)",-6.666666666666667
revogamers,Wences A. Machado,Análisis de Narita Boy,8.0,4.0,3.75,None,Nintendo Switch,None,-6.25
Gamereactor,Ben Lyons,Transformers: Battlegrounds,8.0,4.0,3.4,Outright Games," Nintendo Switch, PC, PS4, Xbox One",Estrategia,-15.000000000000002
Vandal,Saúl González,Cyberpunk 2077 - Análisis,9.3,4.65,3.67,CD PROJEKT RED,PC PS4 Xbox One PS5 Xbox Series X/S,Mundo abierto RPG Occidental,-21.07526881720431
Vandal,Juan Rubio,Doom 3: VR Edition - Análisis,7.7,3.85,4.0,Bethesda,PS4,Realidad Virtual Shooter en primera persona,3.896103896103894
revogamers,Javier Aranda,Análisis de Plants vs. Zombies: La Batalla de Neighborville Edición Completa,8.0,4.0,4.0,None,Nintendo Switch,None,0.0
revogamers,José Moreno,Análisis de Super Mario 3D World + Bowser’s Fury,9.5,4.75,3.67,None,Nintendo Switch,None,-22.736842105263158
Gamereactor,Kieran Harris,Star Wars: Republic Commando,7.0,3.5,3.25,Lucasarts," Nintendo Switch, PC, PS4, Xbox",Acción,-7.142857142857142
Vandal,Saúl González,Hitman 3 - Análisis,8.2,4.1,4.17,IO Interactive,PS5 Xbox Series X/S PC PS4 Xbox One Switch,Aventura de acción Sigilo,1.7073170731707388
revogamers,Carlos Firás,Análisis de Little Nightmares 2,8.5,4.25,4.17,"Bandai Namco, Tarsier Studios",Nintendo Switch,"Aventura, Terror",-1.8823529411764721
Vandal,Carlos Leiva,Ghosts 'n Goblins Resurrection - Análisis,9.0,4.5,4.11,Capcom,Switch Xbox One PS4 PC,Arcade Plataformas 2D,-8.66666666666666
meristation,"Rocío Torrejón
SeraPhiim_",When The Past Was Around,7.0,3.5,3.6,Toge Productions,PS4 XBO NSW PC,Aventura gráfica                    ,2.85714285714286
meristation,"Sergio C. González
Sergio5Glez",Doraemon: Story of Seasons,7.5,3.75,3.4,Bandai Namco Entertainment,PS4 NSW PC,"Simulación, Gestión                    ",-9.333333333333336
revogamers,José Moreno,Análisis de Pumpkin Jack,8.5,4.25,3.75,None,Nintendo Switch,None,-11.76470588235294
revogamers,Cristian Martinez,Análisis de Atelier Ryza 2: Lost Legends & the Secret Fairy,8.0,4.0,3.67,"Gust, Koei Tecmo",Nintendo Switch,Rol (RPG),-8.250000000000002
revogamers,varju,Análisis de Just Dance 2021,7.0,3.5,3.67,None,Nintendo Switch,None,4.857142857142855
revogamers,José Moreno,Análisis de NEOGEO POCKET COLOR SELECTION Vol.1,7.5,3.75,4.0,None,Nintendo Switch,None,6.666666666666667
Vandal,Ramón Varela,Kingdom Hearts: Melody of Memory - Análisis,7.6,3.8,3.8,Square Enix,PS4 Switch Xbox One PC,Musical Ritmo,0.0
revogamers,Carlos Firás,Análisis de Cozy Grove,7.0,3.5,4.0,None,Nintendo Switch,None,14.285714285714285
Vandal,Sara Borondo,Planet Coaster: Console Edition - Análisis,8.0,4.0,4.0,Frontier,Xbox Series X/S PS4 Xbox One PS5,Gestión - Tycoon Parques de atracciones,0.0
meristation,"Sergio C. González
Sergio5Glez",Need for Speed: Hot Pursuit Remastered,8.2,4.1,3.75,Electronic Arts,PC PS4 NSW XBO,Conducción                    ,-8.53658536585365
Vandal,Carlos Leiva,Fire Emblem: Shadow Dragon & the Blade of Light - Análisis,5.0,2.5,3.17,Nintendo,Switch,Tactical RPG,26.799999999999997
Vandal,Alberto González,Football Manager 2021 - Análisis,8.7,4.35,4.17,SEGA,PC,Fútbol Manager,-4.137931034482753
Gamereactor,Kieran Harris,"Calico (Nintendo Switch, PC, Xbox One)",4.0,2.0,2.33,Whitethorn Digital," Nintendo Switch, PC, Xbox One",Simulación,16.500000000000004
meristation,"Paula Croft 
paulacroft02 ",Twin Mirror,,,3.6,Bandai Namco Entertainment,PC PS4 XBO,Aventura                    ,
Gamereactor,Stefan Briesenick,Nier Replicant ver.1.22474487139,8.0,4.0,3.67,Square Enix," PC, PS4, Xbox One",Acción,-8.250000000000002
revogamers,Carlos Firás,Análisis de Röki,8.5,4.25,4.0,None,Nintendo Switch,None,-5.88235294117647
meristation,"Ricardo Fernández
RicardoFAndres",Say No! More,5.5,2.75,2.75,Thunderful Publishing,PC NSW IPH IPD,Aventura                    ,0.0
meristation,Rubén Vázquez,UnderMine,7.0,3.5,3.33,Thorium Entertainment,PC XBO NSW,"Aventura, Acción                    ",-4.857142857142855
Gamereactor,James Ward,Curse of the Dead Gods,6.0,3.0,3.0,Focus Home Interactive," PC, Xbox One, PS4, Nintendo Switch",Acción,0.0
revogamers,Marcos Catalán,Análisis de Scott Pilgrim vs. The World: The Game – Complete Edition,7.5,3.75,3.6,None,Nintendo Switch,None,-3.9999999999999973
Vandal,Carlos Leiva,Crash Bandicoot 4: It's About Time - Análisis,8.5,4.25,4.0,Activision,Switch PS4 Xbox One Xbox Series X/S PS5 PC,Plataformas 3D Plataformas,-5.88235294117647
Vandal,Juan Rubio,Control - Análisis,8.3,4.15,3.75,505 Games,PS5 PS4 Xbox One PC Xbox Series X/S,Aventura de acción Metroidvania Plataformas 3D Shooter en tercera persona,-9.638554216867478
Gamereactor,Alberto Garrido,Assassin's Creed Valhalla,9.0,4.5,3.67,Ubisoft," PS4, PS5, Xbox One, Xbox Series X, PC, Stadia",Acción,-18.444444444444446
revogamers,Carlos Firás,Analisis de Ghostrunner,8.0,4.0,3.33,505 Games,Nintendo Switch,Acción,-16.75
Vandal,Sergio Martín,Drawn to Life: Two Realms - Análisis,6.7,3.35,3.25,505 Games,PC Switch Android iPhone,Aventura de exploración y puzles Plataformas 2D,-2.9850746268656745
revogamers,Javier Aranda,Análisis de Reflection of Mine,6.0,3.0,3.0,Ratalaika Games,Nintendo Switch,"Aventura, Puzle",0.0
revogamers,Javier Aranda,Análisis de Dreaming Sarah,7.0,3.5,4.0,Ratalaika Games,Nintendo Switch,"Acción, Aventura",14.285714285714285
meristation,"Francisco Alberto Serrano
faserranoacosta",Turrican Flashback,7.0,3.5,4.14,ININ Games,NSW PS4,"Plataformas, Acción                    ",18.285714285714278
meristation,"Rocío Torrejón
SeraPhiim_",Star Renegades,8.3,4.15,3.88,Raw Fury Games,XBO NSW PS4 PC,"RPG, Por turnos, Táctico                    ",-6.506024096385553
Gamereactor,Silje Marie Ruud Slette,Demon's Souls para PS5,9.0,4.5,4.17,Sony Interactive Entertainment, PS5,Acción,-7.333333333333335
meristation,"Rocío Torrejón
SeraPhiim_",El Hijo: A Wild West Tale,7.2,3.6,3.83,Handy Games,PS4 XBO PC NSW STD,"Aventura, Sigilo                    ",6.388888888888888
revogamers,Javier Aranda,Análisis de Colección arcade de Blizzard,7.5,3.75,4.0,Blizzard Entertainment,Nintendo Switch,Arcade,6.666666666666667
revogamers,José Moreno,Análisis de Neighbours back From Hell,8.5,4.25,3.75,None,Nintendo Switch,None,-11.76470588235294
meristation,Yago Lago,Genesis Noir,6.8,3.4,3.38,Fellow Traveller,XBO NSW PC,Aventura                    ,-0.5882352941176475
meristation,"Sergio C. González
Sergio5Glez",Crash Bandicoot 4: It's About Time,8.0,4.0,3.71,Activision,NSW PC PS4 XBO XBS PS5,Plataformas                    ,-7.250000000000001
meristation,"Marta Oller
martaaax00",Re:Turn - One Way Trip,7.3,3.65,3.43,Green Man Gaming Publishing,PC PS4 XBO NSW,Aventura                    ,-6.027397260273966
meristation,Cesar Otero @DieOpheliac,Wallachia: Reign of Dracula,7.8,3.9,3.33,Storybird Games,NSW PC,"Plataformas, Acción                    ",-14.615384615384611
Gamereactor,Ben Lyons,Jurassic World Evolution (Nintendo Switch),7.0,3.5,3.25,Frontier Developments," Nintendo Switch, PC, PS4, Xbox One",Simulación,-7.142857142857142
meristation,"Rocío Torrejón
SeraPhiim_",Call of the Sea,8.5,4.25,4.0,Raw Fury Games,XBO PC XBS PS4 PS5,Aventura                    ,-5.88235294117647
meristation,"Sergi Blanch
motenai",Tennis World Tour 2,5.5,2.75,2.78,Nacon,PC PS4 XBO NSW,Deportes                    ,1.090909090909084
meristation,"Jose María Villalobos
JMVillalobos1",Budget Cuts,7.5,3.75,3.29,Neat Corporation,PC PS4,"Aventura, Acción                    ",-12.266666666666666
meristation,"Jose María Villalobos
JMVillalobos1",DOOM Eternal,9.0,4.5,3.83,Bethesda Softworks,PS4 PC XBO NSW,"Acción, First Person Shooter                    ",-14.888888888888888
meristation,"Israel Mallén
Mallendary",Sackboy: Una aventura a lo grande,8.0,4.0,4.0,PlayStation Studios,PS4 PS5,Plataformas                    ,0.0
meristation,Aarón Rodríguez,The Legend of Heroes: Trails of Cold Steel IV,9.0,4.5,3.78,NIS America,PS4 PC NSW,"RPG, Por turnos                    ",-16.000000000000004
revogamers,Arturo Albero,Análisis de Shantae: Risky’s Revenge – Director’s Cut,7.5,3.75,3.33,WayForward,Nintendo Switch,"Aventura, Plataformas",-11.199999999999998
meristation,"Sergio C. González
Sergio5Glez",Mail Mole,7.0,3.5,3.83,Undercoders,PS4 XBO NSW PC,Plataformas                    ,9.42857142857143
Vandal,Sergio Martín,Golden Force - Análisis,7.0,3.5,3.75,PixelHeart,Switch PS4 Xbox One PC,Acción Arcade,7.142857142857142
Gamereactor,Petter Hegevall,Godfall,5.0,2.5,3.25,Gearbox Publishing," PS5, PC",Acción,30.0
Vandal,Carlos Leiva,ScourgeBringer - Análisis,7.0,3.5,2.75,Yooreka Studio,PC Xbox One Switch PS4 PSVITA,Action-RPG Roguelike,-21.428571428571427
Vandal,Juan Rubio,The Climb 2 - Análisis,7.0,3.5,3.75,Crytek,PC,Otros deportes Realidad Virtual,7.142857142857142
Vandal,Sergio Martín,Sea of Solitude - Análisis,7.0,3.5,3.8,Quantic Dream,Switch PC PS4 Xbox One,Aventura de acción Aventura narrativa,8.571428571428566
meristation,Yago Lago,Partisans 1941,7.0,3.5,3.5,Daedalic Entertainment,PC,"Estrategia, Tiempo real                    ",0.0
Gamereactor,Stefan Briesenick,La Colección de Nioh,9.0,4.5,3.5,Sony Interactive Entertainment, PS5,Acción,-22.22222222222222
meristation,Rubén Vázquez,Spacebase Startopia,6.5,3.25,3.0,Kalypso Media,PC XBO NSW PS4 PS5 XBS,"Estrategia, Simulación, Gestión                    ",-7.6923076923076925
meristation,Alejandro Castillo - @acastillo117,Watch Dogs Legion,8.3,4.15,3.5,Ubisoft,XBS PS5 STD PC PS4 XBO,"Aventura, Acción                    ",-15.662650602409645
meristation,"Ricardo Fernández
RicardoFAndres",The Yakuza Remastered Collection,8.5,4.25,4.25,SEGA,XBO PC PS4,"Aventura, Acción                    ",0.0
Gamereactor,Joakin Sjögren,The Falconeer - El elegido de Xbox Series X,6.0,3.0,3.25,Wired Productions," PC, Xbox One, Xbox Series X",Acción,8.333333333333332
meristation,"Rocío Torrejón
SeraPhiim_",The Survivalists,7.8,3.9,4.0,Team 17,PC PS4 XBO NSW,"Aventura, Acción                    ",2.5641025641025665
meristation,Dedede,Tanuki Justice,7.0,3.5,4.0,Just For Games,NSW,"Plataformas, Acción                    ",14.285714285714285
Vandal,Saúl González,Evil Genius 2: World Domination - Análisis,7.0,3.5,4.0,Rebellion,PC,Estrategia en tiempo real Estrategia,14.285714285714285
meristation,Yago Lago,Morkredd,7.5,3.75,4.12,Aspyr,PC XBO XBS,Aventura                    ,9.866666666666669
Vandal,Juan Rubio,Need for Speed: Hot Pursuit Remastered - Análisis,7.5,3.75,3.75,Electronic Arts,PS4 Xbox One PC Switch,Carreras arcade Velocidad,0.0
Gamereactor,Sergio Figueroa,Balan Wonderworld,6.0,3.0,3.2,Square Enix," Nintendo Switch, PC, PS4, PS5, Xbox One, Xbox Series X",Plataformas,6.666666666666672
revogamers,Mercedes R.,Análisis de Deiland: Pocket Planet Edition,7.5,3.75,3.8,None,Nintendo Switch,None,1.3333333333333286
Vandal,Juan Rubio,Twin Mirror - Análisis,6.5,3.25,2.75,Bandai Namco,PS4 Xbox One PC,Aventura de acción,-15.384615384615385
meristation,Alejandro Castillo - @acastillo117,Paradise Lost,6.0,3.0,3.2,All in! Games,PC PS5 XBS PS4 XBO,Aventura                    ,6.666666666666672
meristation,"Borja Ruete
borjaruete",Assassin's Creed Valhalla,8.6,4.3,3.62,Ubisoft,PC PS4 XBO PS5 STD XBS,"Aventura, Acción                    ",-15.813953488372087
revogamers,Carlos Firás,Análisis de Arrog,5.0,2.5,3.0,None,Nintendo Switch,None,20.0
meristation,"Rubén Martínez
ruvenmb",No More Heroes,9.0,4.5,3.0,Rising Star Games,Wii NSW,"Acción, Aventura                    ",-33.33333333333333
Vandal,Carlos Leiva,Disc Room - Análisis,8.0,4.0,4.0,Devolver Digital,PC Switch Xbox One PS4,Puzle,0.0
Vandal,Manu Delgado,Alba: A Wildlife Adventure - Análisis,8.0,4.0,3.33,ustwo games,PC iPhone Switch,Aventura de exploración y puzles Aventura narrativa,-16.75
Gamereactor,Ben Lyons,"Empire of Sin (PC, Switch, PS4, Xbox One)",7.0,3.5,3.17,Paradox Interactive," Nintendo Switch, PC, PS4, Xbox One",Estrategia,-9.42857142857143
revogamers,Javier Aranda,Análisis de Freddy Spaghetti,6.0,3.0,3.0,Ratalaika Games,Nintendo Switch,"Arcade, Aventura, Simulación",0.0
meristation,Alejandro Castillo - @acastillo117,Demon's Souls,9.5,4.75,3.88,PlayStation Studios,PS5,"Acción, RPG                    ",-18.315789473684212
revogamers,Javier Aranda,Análisis de Shady Part of Me,8.0,4.0,3.67,Focus Home Interactive,Nintendo Switch,"Aventura, Puzle",-8.250000000000002
Vandal,Juan Rubio,FUSER - Análisis,8.3,4.15,4.0,NCSOFT,PS4 Xbox One Switch PC,Musical Ritmo,-3.6144578313253093
meristation,Cristian Ciuraneta,Party Hard 2,7.2,3.6,3.0,tinyBuild,PC PS4 XBO NSW,Acción                    ,-16.666666666666668
Gamereactor,Kieran Harris,"Helheim Hassle (PS4, PC, Nintendo Switch, Xbox One)",7.0,3.5,3.67,Perfectly Paranormal," Nintendo Switch, PC, PS4, Xbox One",None,4.857142857142855
Gamereactor,Jonas Mäki,Gears 5: Machacacolmenas,8.0,4.0,3.33,Microsoft," PC, Xbox One",Acción,-16.75
meristation,"Jose María Villalobos
JMVillalobos1",Baobabs Mausoleum Grindhouse Edition,7.5,3.75,3.14,Zerouno Games,PC NSW PS4 XBO PS5 XBS,Aventura                    ,-16.266666666666662
Gamereactor,Sergio Figueroa,Star Wars: Tales from the Galaxy's Edge (Oculus Quest),8.0,4.0,3.0,Inc., Oculus Quest,Acción,-25.0
revogamers,Javier Aranda,Análisis de Overcooked! All You Can Eat,9.5,4.75,3.67,Team17,Nintendo Switch,"Arcade, Simulación",-22.736842105263158
Gamereactor,Kieran Harris,"Turrican Flashback (Nintendo Switch, PS4)",7.0,3.5,3.75,ININ Games," Nintendo Switch, PS4",Acción,7.142857142857142
meristation,"Rocío Torrejón
SeraPhiim_",Sword of the Necromancer,6.5,3.25,3.29,Jandusoft,PC NSW PS4 XBO,"Acción, RPG                    ",1.2307692307692317
Gamereactor,Silje Marie Ruud Slette,Bugsnax,7.0,3.5,3.5,Young Horses," PC, PS4, PS5",Aventura,0.0
meristation,"Jose María Villalobos
JMVillalobos1",Horace,8.0,4.0,3.43,505 Games,PC NSW,Plataformas                    ,-14.249999999999996
revogamers,Javier Aranda,Análisis de Raji: An Ancient Epic,8.0,4.0,3.67,Super.com,Nintendo Switch,"Aventura, Puzle",-8.250000000000002
Vandal,Ramón Varela,Ys IX: Monstrum Nox - Análisis,8.3,4.15,3.67,NIS America,PS4 Switch PC,JRPG Rol,-11.566265060240973
Gamereactor,Ben Lyons,Immortals: Fenyx Rising - Mitos del reino del Este,8.0,4.0,3.5,Ubisoft," PC, PS4, Xbox One, Nintendo Switch, PS5, Xbox Series X",Acción,-12.5
Vandal,Juan Rubio,NBA 2K21 - Análisis,8.7,4.35,4.2,2K Sports,Xbox Series X/S PC PS4 Xbox One Switch PS5,Baloncesto Deportes,-3.4482758620689538
meristation,"Ricardo Fernández
RicardoFAndres",Cathedral,7.0,3.5,3.75,Decemborn Interactive,PC NSW,"Plataformas, Acción                    ",7.142857142857142
revogamers,Javier Aranda,Análisis de Gnosia,9.0,4.5,4.0,PLAYISM,Nintendo Switch,"Aventura, Rol (RPG)",-11.11111111111111
revogamers,Javier Aranda,Análisis de Vigil: The Longest Night,8.0,4.0,3.67,Another Indie,Nintendo Switch,"Acción, Aventura",-8.250000000000002
revogamers,Javier Aranda,Análisis de Golf Zero,7.0,3.5,3.5,Ratalaika Games,Nintendo Switch,"Deportes, Plataformas",0.0
revogamers,Manuel Luis Mena,Análisis de Gibbous: A Cthulhu Adventure,8.0,4.0,4.0,None,Nintendo Switch,None,0.0
revogamers,Marcos Catalán,Análisis de FEZ,9.0,4.5,3.67,Polytron,Nintendo Switch,"Aventura, Otros, Plataformas, Puzle",-18.444444444444446
revogamers,Marcos Catalán,Análisis de Kingdoms of Amalur: Re-Reckoning,7.5,3.75,2.75,None,Nintendo Switch,None,-26.666666666666668
Gamereactor,Ben Lyons,Cyber Shadow,7.0,3.5,3.25,Yacht Club Games," PC, Nintendo Switch, PS4, Xbox One",Acción,-7.142857142857142
Gamereactor,Petter Lundberg,Dead Cells: Fatal Falls DLC,8.0,4.0,4.0,Motion Twin, Nintendo Switch,Acción,0.0
Gamereactor,Mike Holmes,Age of Empires III: Definitive Edition,8.0,4.0,4.25,Microsoft, PC,Estrategia,6.25
Gamereactor,Ben Lyons,Quantum League,9.0,4.5,3.5,Nimble Giant Entertainment," PC, Xbox One, PS4, Nintendo Switch",Acción,-22.22222222222222
meristation,"Pablo González
Caith_Sith",A Tale of Paper,7.4,3.7,3.8,Gammera Nest,PS4,Aventura                    ,2.7027027027026933
Gamereactor,Petter Hegevall,Dirt 5,3.0,1.5,2.4,Codemasters," PC, PS4, PS5, Stadia, Xbox One, Xbox Series X",Carreras,60.0
Vandal,Sergio Martín,Horace - Análisis,8.5,4.25,4.2,505 Games,Switch PC,Aventura de exploración y puzles Plataformas 2D,-1.17647058823529
Vandal,Jorge Cano,Devil May Cry 5 Special Edition - Análisis,8.5,4.25,3.83,Capcom,PS5 Xbox Series X/S,Acción Hack and Slash,-9.88235294117647
revogamers,Javier Aranda,Análisis de Thunderflash,6.5,3.25,3.5,Ratalaika Games,Nintendo Switch,"Arcade, Run'n'Gun",7.6923076923076925
meristation,Aarón Rodríguez,Sakuna: Of Rice and Ruin,8.2,4.1,4.0,Marvelous AQL,PS4 NSW,"Plataformas, Acción, Gestión                    ",-2.439024390243894
revogamers,Javier Aranda,Análisis de Littlewood,8.0,4.0,3.67,SmashGames,Nintendo Switch,"Aventura, Rol (RPG), Simulación",-8.250000000000002
meristation,jose Luis López de Garayo,Olija,8.3,4.15,3.8,Devolver Digital,PC PS4 XBO NSW,"Plataformas, Acción                    ",-8.433734939759049
Vandal,Juan Rubio,Capcom Arcade Stadium - Análisis,7.7,3.85,4.0,Capcom,Switch PS4 Xbox One PC,Compilacion Otros,3.896103896103894
meristation,"Salva Fernàndez
salbaFR",Medal of Honor: Above and Beyond,6.5,3.25,3.44,Respawn Entertainment,PC,"Acción, First Person Shooter                    ",5.846153846153845
meristation,"Jose María Villalobos
JMVillalobos1",DOOM 3: VR Edition,7.0,3.5,3.0,Bethesda Softworks,PS4 PS5,"Acción, First Person Shooter                    ",-14.285714285714285
meristation,"Jose María Villalobos
JMVillalobos1",Maquette,7.0,3.5,3.5,Annapurna Interactive,PC,Aventura                    ,0.0
meristation,Alejandro Castillo - @acastillo117,Disco Elysium: The Final Cut,9.4,4.7,3.6,ZA/UM,PC PS4 PS5 XBS NSW XBO STD,RPG                    ,-23.404255319148938
Vandal,Sergio Martín,Part Time UFO - Análisis,7.7,3.85,3.75,Nintendo,Switch iPhone Android,Puzle,-2.5974025974025996
Gamereactor,Ben Lyons,Sackboy: Una Aventura a lo Grande,8.0,4.0,3.8,Sony," PS4, PS5",Plataformas,-5.000000000000004
revogamers,Javier Aranda,Análisis de DEEMO Reborn,8.0,4.0,3.5,RAYARK,Nintendo Switch,"Aventura, Música, Puzle",-12.5
meristation,"Rubén Martínez
ruvenmb",Shoot 1UP DX,5.5,2.75,3.0,Mommy's Best Games,PC PS4 NSW XBO,"Acción, Shoot'em up                    ",9.090909090909092
revogamers,David Morillo,Análisis de Chronos: Before the Ashes,6.5,3.25,2.8,"Gunfire Games, THQ Nordic",Nintendo Switch,"Aventura, Rol (RPG)",-13.846153846153852
revogamers,Marcos Catalán,Análisis de FEZ,9.0,4.5,3.67,Polytron,Nintendo Switch,"Aventura, Otros, Plataformas, Puzle",-18.444444444444446
meristation,"Marta Oller
martaaax00",Remothered: Broken Porcelain,5.0,2.5,3.0,Modus Games,PC PS4 XBO NSW,"Aventura, Acción                    ",20.0
meristation,"Francisco Alberto Serrano
faserranoacosta",Cyberpunk 2077,4.0,2.0,3.85,CD Projekt RED,XBO PS4 STD PC,"Acción, RPG                    ",92.5
revogamers,Javier Aranda,Análisis de ScourgeBringer,8.0,4.0,3.5,Plug In Digital,Nintendo Switch,"Arcade, Lucha, Plataformas",-12.5
revogamers,José Moreno,Análisis de Super Sports Blast,7.5,3.75,3.67,None,Nintendo Switch,None,-2.1333333333333355
meristation,"Rocío Torrejón
SeraPhiim_",SpellForce 3: Fallen God,8.0,4.0,3.89,THQ Nordic,PC,"RPG, Estrategia, Tiempo real                    ",-2.749999999999997
revogamers,José Moreno,Análisis de Drawn to Life Two Realms,8.0,4.0,3.67,None,Nintendo Switch,None,-8.250000000000002
meristation,Cesar Otero @DieOpheliac,Cobra Kai: The Karate Kid Saga Continues,7.2,3.6,3.67,GameMill Entertainment,PS4 XBO NSW,"Acción, Beat'em up                    ",1.94444444444444
revogamers,Javier Aranda,Análisis de Romance of the Three Kingdoms XIV Diplomacy and Strategy Pack Bundle,8.0,4.0,4.0,Koei Tecmo,Nintendo Switch,Estrategia,0.0
Gamereactor,David Caballero,Pikmin 3 Deluxe,8.0,4.0,3.6,Nintendo, Nintendo Switch,Simulación,-9.999999999999998
meristation,Aarón Rodríguez,Brigandine: The Legend of Runersia,7.8,3.9,3.78,Happinet Games,NSW PS4,"Estrategia, RPG, Por turnos, Táctico                    ",-3.0769230769230798
meristation,Cristian Ciuraneta,Hotshot Racing,7.5,3.75,3.86,Curve Digital,XBO NSW PC PS4,Conducción                    ,2.93333333333333
Gamereactor,Kieran Harris,Capcom Arcade Stadium,7.0,3.5,4.2,Capcom, Nintendo Switch,Acción,20.000000000000004
Vandal,Juan Rubio,Overcooked! All You Can Eat - Análisis,8.5,4.25,4.0,Team 17,PS5 Xbox Series X/S PS4 Switch PC Xbox One,Acción Arcade,-5.88235294117647
meristation,"Jose María Villalobos
JMVillalobos1",Mundaun,7.5,3.75,3.83,MWM Interactive,PS4 PC XBO PS5 XBS,Aventura                    ,2.1333333333333355
revogamers,Javier Aranda,Análisis de Blue Fire,8.0,4.0,4.0,Graffiti Games,Nintendo Switch,"Acción, Aventura, Plataformas",0.0
revogamers,Javier Aranda,Análisis de Fitness Boxing 2: Rhythm & Exercise,7.5,3.75,4.0,Nintendo,Nintendo Switch,"Deportes, Música",6.666666666666667
meristation,"Salva Fernàndez
salbaFR",The Nioh Collection,8.5,4.25,3.5,Koei Tecmo,PS5,"Acción, RPG                    ",-17.647058823529413
meristation,"Rocío Torrejón
SeraPhiim_",Kaze and the Wild Masks,8.2,4.1,3.5,Soedesco,PC PS4 XBO NSW,Plataformas                    ,-14.634146341463408
revogamers,Mercedes R.,Análisis de Harvest Moon: Un Mundo Único,6.5,3.25,3.0,None,Nintendo Switch,None,-7.6923076923076925
Gamereactor,Daniel Andersen,MLB The Show 21,9.0,4.5,4.0,Sony Interactive Entertainment," PS4, PS5, Xbox One, Xbox Series X",Deportes,-11.11111111111111
revogamers,Wences A. Machado,Análisis de Bravely Default II,8.0,4.0,3.36,None,Nintendo Switch,None,-16.000000000000004
Gamereactor,Sergio Figueroa,Doom Eternal: The Ancient Gods - Primera Parte,8.0,4.0,3.25,Bethesda Softworks," Nintendo Switch, PC, PS4, PS5, Stadia, Xbox One, Xbox Series X",Acción,-18.75
meristation,"Sergio C. González
Sergio5Glez",The Falconeer,6.5,3.25,2.83,Wired Productions,PC XBS XBO,"Acción, RPG, Disparos                    ",-12.92307692307692
Vandal,Juan Rubio,Doom Eternal - Análisis,8.3,4.15,4.25,Bethesda,Switch PC Xbox One PS4 Xbox Series X/S PS5,Shooter en primera persona,2.4096385542168584
meristation,"Jose María Villalobos
JMVillalobos1",Chronos: Before the Ashes,6.0,3.0,2.88,THQ Nordic,PC PS4 XBO NSW,"Aventura, Acción                    ",-4.0000000000000036
revogamers,Carlos Firás,Análisis de Stubbs the Zombie in Rebel Without a Pulse,6.5,3.25,3.0,None,Nintendo Switch,None,-7.6923076923076925
revogamers,Marcos Catalán,Análisis de Gods Will Fall,7.5,3.75,2.75,Clever Beans,Nintendo Switch,"Acción, Lucha",-26.666666666666668
Gamereactor,Ben Lyons,"Hitman 3 (PS5, Xbox Series, PC, Switch, Stadia)",9.0,4.5,4.5,IO Interactive," PS5, Xbox Series X, PC, PS4, Xbox One, Nintendo Switch, Stadia",Acción,0.0
Vandal,Jorge Cano,Assassin's Creed Valhalla - Análisis,8.0,4.0,3.44,Ubisoft,PS4 PC Xbox One Xbox Series X/S PS5,Action-RPG Aventura de acción Mundo abierto Sigilo,-14.000000000000002
Gamereactor,Kieran Harris,"Haven (PS5, Xbox Series X, PC, Nintendo Switch)",6.0,3.0,3.75,The Game Bakers," Nintendo Switch, PC, PS4, PS5, Xbox One",RPG,25.0
Vandal,Fran G. Matas,Outriders - Análisis,7.0,3.5,3.0,Square Enix,PS5 Xbox One PS4 PC Xbox Series X/S,Aventura de acción Cooperativo online Shooter multijugador,-14.285714285714285
revogamers,José Moreno,Análisis de BodyQuest,7.5,3.75,3.67,None,Nintendo Switch,None,-2.1333333333333355
revogamers,Javier Aranda,Análisis de HEAL: Console Edition,7.0,3.5,3.5,Ratalaika Games,Nintendo Switch,"Aventura, Puzle",0.0
Gamereactor,Ben Lyons,PAC-MAN Mega Tunnel Battle,7.0,3.5,3.8,Bandai Namco, Stadia,Acción,8.571428571428566
meristation,Yago Lago,Shady Part of Me,7.6,3.8,3.4,Focus Home Interactive,PC PS4 XBO NSW,Aventura                    ,-10.526315789473681
revogamers,Javier Aranda,Análisis de SaGa Frontier Remastered,8.0,4.0,4.0,None,Nintendo Switch,None,0.0
Gamereactor,Sergio Figueroa,Destruction Allstars (PS5),6.0,3.0,2.8,None, PS5,Deportes,-6.666666666666672
revogamers,Javier Aranda,Análisis de Say No! More,7.5,3.75,3.67,Thunderful,Nintendo Switch,"Aventura, Simulación",-2.1333333333333355
meristation,"Sergi Blanch
motenai",Star Wars: Squadrons,7.5,3.75,3.4,Electronic Arts,PS4 PC XBO,"Acción, Disparos                    ",-9.333333333333336
Vandal,Manu Delgado,El Hijo - Análisis,6.0,3.0,2.8,HandyGames,PC Switch Xbox One PS4,Arcade Sigilo,-6.666666666666672
revogamers,Javier Aranda,Análisis de No More Heroes,7.5,3.75,4.0,Marvelous,Nintendo Switch,Acción,6.666666666666667
revogamers,Javier Aranda,Análisis de Ghosts ‘n Goblins Resurrection,8.0,4.0,4.0,Capcom,Nintendo Switch,"Acción, Arcade",0.0
meristation,Cesar Otero (@Dieopheliac),The Dark Pictures Anthology: Little Hope,7.7,3.85,3.38,Bandai Namco Entertainment,PC PS4 XBO,Aventura                    ,-12.207792207792213
Gamereactor,Sergio Figueroa,Space Channel 5 VR: Kinda Funky News Flash! - Tus 20 minutos de gloria,7.0,3.5,3.25,Sega," PC, PS4",Música,-7.142857142857142
meristation,"Laura Luna
LauraLunaLu",Kosmokrats,5.5,2.75,2.83,Modern Wolf,PC NSW,"Aventura, Puzle                    ",2.9090909090909114
revogamers,Javier Aranda,Análisis de Paw Paw Paw,5.0,2.5,2.5,None,Nintendo Switch,None,0.0
Gamereactor,Johan Vahlström,MotoGP 21,7.0,3.5,3.33,Milestone," Nintendo Switch, PC, PS4, PS5, Xbox One, Xbox Series X",Carreras,-4.857142857142855
Vandal,Juan Rubio,DIRT 5 - Análisis,8.5,4.25,3.4,Codemasters,PS4 PC Xbox One Xbox Series X/S PS5,Rally Velocidad,-20.0
meristation,"Francisco Alberto Serrano
faserranoacosta",Devil May Cry 5: Special Edition,8.5,4.25,3.83,Capcom,PS5 XBS,"Acción, Beat'em up                    ",-9.88235294117647
Vandal,Juan Rubio,Fitness Boxing 2: Rhythm & Exercise - Análisis,7.0,3.5,3.5,Nintendo,Switch,Deportes Fitness,0.0
Gamereactor,Ben Lyons,"Rainbow Six: Siege (PS5, Xbox Series X)",8.0,4.0,4.0,Ubisoft," PC, Xbox One, PS4, PS5, Xbox Series X",Acción,0.0
Vandal,Carlos Leiva,Persona 5: Strikers - Análisis,8.2,4.1,3.67,SEGA,PS4 PC Switch,Action-RPG Musou,-10.487804878048774
Gamereactor,Ricardo C. Esteves,Astro's Playroom,9.0,4.5,3.5,Sony, PS5,Aventura,-22.22222222222222
meristation,David Arroyo,Pacer,8.0,4.0,3.22,R8 Games,PC PS4 XBO,Conducción                    ,-19.499999999999996
Gamereactor,Kieran Harris,Need for Speed: Hot Pursuit Remastered,6.0,3.0,3.5,EA," Nintendo Switch, PC, PS4, Xbox One",Carreras,16.666666666666664
Vandal,Sergio Martín,Onee Chanbara Origin - Análisis,6.5,3.25,3.5,D3 Publisher,PS4 PC,Acción Hack and Slash,7.6923076923076925
meristation,"Paula Croft 
paulacroft02 ",It Takes Two,9.2,4.6,3.88,Electronic Arts,PC PS4 XBO PS5 XBS,"Aventura, Acción                    ",-15.652173913043473
Vandal,Carlos Leiva,Bravely Default 2 - Análisis,8.2,4.1,4.0,Nintendo,Switch,JRPG Rol,-2.439024390243894
Vandal,Fran G. Matas,Watch Dogs Legion - Análisis,8.5,4.25,3.73,Ubisoft,PS4 PC Xbox One Xbox Series X/S PS5,Aventura de acción Mundo abierto Tipo GTA,-12.23529411764706
Gamereactor,Juan A. Fonseca,Bravely Default II,8.0,4.0,3.17,Square Enix, Nintendo Switch,RPG,-20.75
Vandal,Sergio Martín,Blue Fire - Análisis,7.3,3.65,3.5,Graffiti Games,PC Switch PS4,Aventura de acción Plataformas 3D,-4.109589041095888
Gamereactor,Ben Lyons,Sackboy: Una Aventura a lo Grande en multijugador (PS5 y PS4),9.0,4.5,3.33,Sony," PS4, PS5",Plataformas,-26.0
Vandal,Sergio Martín,Oceanhorn 2: Knights of the Lost Realm - Análisis,7.4,3.7,3.83,FDG Entertainment,Switch iPhone PC Xbox One PS4,Action-RPG Aventura de acción,3.51351351351351
Vandal,Sergio Martín,Werewolf: The Apocalypse - Earthblood - Análisis,6.0,3.0,3.0,Nacon,PS5 PC Xbox One PS4 Xbox Series X/S,RPG Occidental Rol,0.0
Gamereactor,Juan A. Fonseca,Pokémon Espada y Escudo: Nieves de la Corona,8.0,4.0,3.83,Nintendo, Nintendo Switch,RPG,-4.249999999999998
revogamers,Marcos Catalán,Análisis de Jurassic World Evolution: Complete Edition,8.0,4.0,3.8,Frontier Developments,Nintendo Switch,"Aventura, Estrategia, Otros, Simulación",-5.000000000000004
meristation,"Ricardo Fernández
RicardoFAndres",World of Warcraft: Shadowlands,8.0,4.0,3.44,Blizzard Entertainment,PC,"RPG, Acción, Multijugador masivo online                    ",-14.000000000000002
meristation,Rubén Vázquez,Everhood,7.4,3.7,3.4,Foreign Gnomes,PC NSW,RPG                    ,-8.108108108108116
Vandal,Sergio Martín,Override 2: Super Mech League - Análisis,7.0,3.5,3.6,Modus Games,PS5 PC Xbox Series X/S Xbox One PS4 Switch,Lucha 3D Multijugador Online,2.85714285714286
Vandal,Juan Rubio,Maquette - Análisis,7.2,3.6,3.0,Annapurna Interactive,PS5 PC PS4,Aventura de exploración y puzles Puzle,-16.666666666666668
meristation,"Salva Fernàndez
salbaFR",FIFA 21,7.6,3.8,3.5,Electronic Arts,PC PS5 XBS XBO NSW PS4,Deportes                    ,-7.894736842105258
Gamereactor,Kieran Harris,Planet Coaster: Console Edition - A los mandos del simulador,8.0,4.0,3.5,None," PS4, PS5, Xbox One, Xbox Series X",None,-12.5
Vandal,Fran G. Matas,Destiny 2: Más allá de la luz - Análisis,7.5,3.75,3.38,Bungie,PS4 Xbox One PC Xbox Series X/S PS5,Shooter en primera persona Shooter multijugador,-9.866666666666669
revogamers,Javier Aranda,Análisis de Astrologaster,7.0,3.5,3.33,Plug In Digital,Nintendo Switch,Aventura,-4.857142857142855
Gamereactor,Ben Lyons,Ghostrunner,8.0,4.0,3.8,All In! Games," PC, PS4, Xbox One, Nintendo Switch, Xbox Series X, PS5",Acción,-5.000000000000004
revogamers,Marcos Catalán,Análisis G.I. Joe: Operation Blackout,5.5,2.75,3.25,GameMill Entertainment,Nintendo Switch,"Acción, Aventura, Disparos (Shooter)",18.181818181818183
Gamereactor,Kalle Max Hofmann,Medal of Honor: Above and Beyond,8.0,4.0,3.71,Electronic Arts," Oculus Rift, PC",Acción,-7.250000000000001
meristation,"Rocío Torrejón
SeraPhiim_",Chicken Police: Paint it RED!,8.0,4.0,3.75,Handy Games,PC PS4 XBO NSW,Aventura                    ,-6.25
Vandal,Ramón Varela,SaGa Frontier Remastered - Análisis,7.0,3.5,3.4,Square Enix,PS4 iPhone PC Switch Android,JRPG Rol,-2.85714285714286
revogamers,Javier Aranda,Análisis de Electronic Super Joy 2,8.5,4.25,3.0,Hard Copy Games,Nintendo Switch,"Música, Plataformas",-29.411764705882355
revogamers,Marcos Catalán,Análisis de Cobra Kai: The Karate Kid Saga Continues,5.5,2.75,2.75,GameMill Entertainment,Nintendo Switch,"Acción, Arcade, Aventura, Lucha",0.0
revogamers,José Moreno,Análisis de Collection of SaGa Final Fantasy Legend,8.0,4.0,3.67,None,Nintendo Switch,None,-8.250000000000002
Gamereactor,Kieran Harris,"Alba: Una aventura mediterránea (Nintendo Switch, PC, móvil)",8.0,4.0,4.0,Ustwo," Android, iOS, Nintendo Switch, PC",Aventura,0.0
Gamereactor,Ben Lyons,Demon Skin,6.0,3.0,3.8,Buka Entertainment, PC,Acción,26.66666666666666
Vandal,Ramón Varela,Balan Wonderworld - Análisis,5.5,2.75,2.88,Square Enix,PS5 PS4 Xbox One Xbox Series X/S PC Switch,Plataformas 3D Plataformas,4.727272727272724
meristation,Aarón Rodríguez,Puyo Puyo Tetris 2,,,3.89,SEGA,PS4 XBO NSW PS5 XBX,Puzle                    ,
meristation,Cristian Ciuraneta,Ghostrunner,8.2,4.1,3.86,505 Games,NSW PC PS4 XBO PS5 XBS,"Aventura, Acción                    ",-5.85365853658536
Vandal,Carlos Leiva,It Takes Two - Análisis,8.6,4.3,4.0,Electronic Arts,PS4 PC Xbox One Xbox Series X/S PS5,Aventura narrativa Plataformas 3D,-6.976744186046507
Vandal,Sergio Martín,The Pathless - Análisis,8.0,4.0,4.0,Annapurna Interactive,PS5 PS4 PC iPhone,Aventura de exploración y puzles Aventura,0.0
revogamers,Marcos Catalán,Análisis de FEZ,9.0,4.5,3.67,Polytron,Nintendo Switch,"Aventura, Otros, Plataformas, Puzle",-18.444444444444446
Gamereactor,Ossi Mykkänen,Doom 3: VR Edition,8.0,4.0,3.75,Bethesda Softworks, PS4,Acción,-6.25
Vandal,Sergio Martín,Super Meat Boy Forever - Análisis,7.8,3.9,3.0,Team Meat,Switch PC PS4 Xbox One Android iPhone,Plataformas 2D Plataformas,-23.076923076923077
revogamers,Marcos Catalán,Análisis de Iris.Fall,6.5,3.25,3.0,NEXT Studios,Nintendo Switch,"Aventura, Puzle",-7.6923076923076925
revogamers,Carlos Firás,Análisis de Darq: Complete Edition,7.0,3.5,3.5,None,Nintendo Switch,None,0.0
meristation,David Arroyo,Vigil: The Longest Night,7.0,3.5,3.56,Another Indie,PC PS4 XBO NSW,"Plataformas, Acción                    ",1.7142857142857157
meristation,"Francisco J. Brenlla
franchuzas",Castlevania,7.5,3.75,3.45,Konami,N64,"Plataformas, Acción                    ",-7.999999999999995
meristation,"Débora Moro
npcdeb",Golden Force,6.5,3.25,3.17,No Gravity Games,NSW PC PS4 XBO,"Plataformas, Acción                    ",-2.4615384615384635
Vandal,Sergio Martín,Lost Words: Beyond the Page - Análisis,7.4,3.7,3.0,Modus Games,PC Xbox One Switch PS4,Aventura de exploración y puzles Plataformas de puzles,-18.918918918918923
revogamers,Marcos Catalán,Análisis de DOOM Eternal,8.5,4.25,2.86,"Bethesda Softworks, Panic Button",Nintendo Switch,"Acción en primera persona (FPS), Disparos (Shooter)",-32.70588235294118
Vandal,Juan Rubio,Shady Part of Me - Análisis,7.0,3.5,4.0,Focus Home Interactive,PC Xbox One Switch PS4,Aventura de exploración y puzles Aventura narrativa Plataformas de puzles,14.285714285714285
Gamereactor,David Caballero,Hyrule Warriors: La Era del Cataclismo,8.0,4.0,4.17,Nintendo, Nintendo Switch,Acción,4.249999999999998
revogamers,Javier Aranda,Análisis de Anodyne 2: Return to Dust,7.5,3.75,3.5,Ratalaika Games,Nintendo Switch,"Aventura, Rol (RPG)",-6.666666666666667
Vandal,Alberto González,Jurassic World Evolution: Complete Edition - Análisis,7.8,3.9,3.82,Frontier Developments,Switch PS4 PC Xbox One,Gestión - Tycoon Parques de atracciones,-2.051282051282053
Gamereactor,Fabrizia Malgieri,"Twin Mirror (PS4, PC, Xbox One)",6.0,3.0,2.4,Dontnod," PC, PS4, Xbox One",Aventura,-20.000000000000004
Gamereactor,Ben Lyons,"Sarawak (Nintendo Switch, PC, móviles)",8.0,4.0,4.33,Cowleyfornia Studios," Android, iOS, Nintendo Switch, PC",Aventura,8.250000000000002
revogamers,Wences A. Machado,Análisis de Puyo Puyo Tetris 2,7.0,3.5,3.4,None,Nintendo Switch,None,-2.85714285714286
meristation,"Ricardo Fernández
RicardoFAndres",Pang Adventures,7.0,3.5,3.5,DotEmu,PC XBO NSW IPH IPD AND PS4,"Acción, Disparos                    ",0.0
Gamereactor,Kieran Harris,Kingdom Hearts: Melody of Memory,8.0,4.0,3.0,Square Enix," Nintendo Switch, PS4, Xbox One, PC",Música,-25.0
meristation,"Salva Fernàndez
salbaFR",Bright Memory,8.0,4.0,3.75,PLAYISM,PC XBS,"Acción, First Person Shooter                    ",-6.25
Gamereactor,Ben Lyons,Apex Legends (Nintendo Switch),5.0,2.5,3.0,EA," Nintendo Switch, PC, PS4, Xbox One",Acción,20.0
Gamereactor,Paweł Matyjewicz,Werewolf: The Apocalypse - Earthblood,4.0,2.0,2.8,Nacon," PC, PS4, Xbox One, PS5, Xbox Series X",Acción,39.99999999999999
Gamereactor,Kieran Harris,Amnesia: Rebirth,8.0,4.0,3.75,Frictional Games," PC, PS4, PS5",Terror,-6.25
Gamereactor,Ben Lyons,Super Meat Boy Forever,7.0,3.5,3.75,None," Android, iOS, Nintendo Switch, PC, PS4, Xbox One",Plataformas,7.142857142857142
Gamereactor,Alberto Garrido,The Dark Pictures: Little Hope,7.0,3.5,3.2,Bandai Namco," PC, PS4, Xbox One",Terror,-8.571428571428566
revogamers,Javier Aranda,Análisis de Jet Set Knights,7.0,3.5,4.0,Ratalaika Games,Nintendo Switch,"Acción, Arcade, Rol (RPG)",14.285714285714285
revogamers,Javier Aranda,Análisis de Balancelot,7.0,3.5,3.5,Ratalaika Games,Nintendo Switch,"Arcade, Plataformas",0.0
Gamereactor,Kieran Harris,"Little Nightmares 2 (PS4, PS5, Switch, Xbox, PC)",8.0,4.0,3.75,Bandai Namco Entertainment," Nintendo Switch, PC, PS4, PS5, Xbox One, Xbox Series X",Plataformas,-6.25
Gamereactor,Sergio Figueroa,Jurassic World: Aftermath (Oculus Quest),7.0,3.5,3.25,Universal Games, Oculus Quest,Aventura,-7.142857142857142
meristation,Carlos Forcada,Mortal Kombat 11 Ultimate,9.0,4.5,3.25,Warner Bros. Interactive Entertainment,PC PS4 XBO PS5 XBS NSW STD,Acción                    ,-27.77777777777778
Vandal,Juan Rubio,Little Nightmares 2 - Análisis,8.5,4.25,4.0,Bandai Namco,PS4 PC Switch Xbox One Xbox Series X/S PS5,Aventura de exploración y puzles Plataformas de puzles Terror,-5.88235294117647
Gamereactor,Patrik Severin,Evil Genius 2: World Domination,8.0,4.0,3.6,Rebellion, PC,Estrategia,-9.999999999999998
meristation,Cristian Ciuraneta,Prinny 1-2: Exploded and Reloaded,7.0,3.5,3.33,NIS America,NSW,Plataformas                    ,-4.857142857142855
